id_salarie,age,anciennete,categorie,salaire,taux_cotis,encours
1,25,3,cadre,32473.0,0.1,9024.0
2,55,1,non_cadre,30037.0,0.06,1563.0
3,50,18,non_cadre,27021.0,0.06,23434.0
4,40,18,cadre,46185.0,0.1,70550.0
5,40,18,cadre,59238.0,0.1,117328.0
6,58,28,non_cadre,27717.0,0.06,45539.0
7,25,3,non_cadre,37382.0,0.06,5918.0
8,51,24,non_cadre,31504.0,0.06,53224.0
9,30,8,non_cadre,36340.0,0.06,19449.0
10,26,4,non_cadre,33262.0,0.06,6751.0
11,44,22,cadre,32909.0,0.1,65709.0
12,63,1,non_cadre,21571.0,0.06,1475.0
13,53,17,cadre,49325.0,0.1,90307.0
14,54,28,non_cadre,26231.0,0.06,51922.0
15,52,19,cadre,44206.0,0.1,69755.0
16,55,28,non_cadre,36503.0,0.06,68081.0
17,44,1,non_cadre,36427.0,0.06,1815.0
18,27,5,non_cadre,46692.0,0.06,13092.0
19,58,23,non_cadre,25750.0,0.06,39098.0
20,41,19,non_cadre,41293.0,0.06,51047.0
21,43,21,non_cadre,41242.0,0.06,41616.0
22,37,13,non_cadre,28638.0,0.06,19674.0
23,29,7,non_cadre,32980.0,0.06,15395.0
24,61,12,non_cadre,38449.0,0.06,23543.0
25,55,26,non_cadre,29649.0,0.06,43040.0
26,49,3,non_cadre,29193.0,0.06,4590.0
27,39,7,non_cadre,26463.0,0.06,9387.0
28,57,2,non_cadre,18712.0,0.06,2548.0
29,45,21,non_cadre,30426.0,0.06,31610.0
30,41,6,cadre,60142.0,0.1,36606.0
31,41,9,cadre,38086.0,0.1,36919.0
32,31,9,non_cadre,32643.0,0.06,14508.0
33,25,3,cadre,37188.0,0.1,11752.0
34,45,4,non_cadre,35248.0,0.06,7898.0
35,60,0,non_cadre,33047.0,0.06,0.0
36,24,2,cadre,56731.0,0.1,12697.0
37,58,27,non_cadre,29623.0,0.06,53631.0
38,57,16,cadre,47246.0,0.1,72529.0
39,33,11,non_cadre,34857.0,0.06,25974.0
40,49,6,non_cadre,31146.0,0.06,11796.0
41,29,7,cadre,34461.0,0.1,22952.0
42,54,4,cadre,43954.0,0.1,14633.0
43,52,11,non_cadre,26383.0,0.06,14396.0
44,37,15,non_cadre,22140.0,0.06,17945.0
45,24,2,cadre,53552.0,0.1,9852.0
46,63,11,non_cadre,34430.0,0.06,26610.0
47,41,19,cadre,58055.0,0.1,132363.0
48,60,18,non_cadre,32558.0,0.06,30151.0
49,51,8,cadre,51845.0,0.1,48822.0
50,55,27,non_cadre,37673.0,0.06,66072.0
51,54,13,cadre,39765.0,0.1,51666.0
52,30,4,non_cadre,22275.0,0.06,6318.0
53,37,15,non_cadre,23052.0,0.06,22520.0
54,42,20,cadre,42096.0,0.1,87346.0
55,43,1,non_cadre,40192.0,0.06,2131.0
56,23,1,non_cadre,25933.0,0.06,1397.0
57,45,23,non_cadre,26627.0,0.06,42794.0
58,28,6,non_cadre,26518.0,0.06,8458.0
59,53,7,non_cadre,26973.0,0.06,9209.0
60,51,18,cadre,36427.0,0.1,59437.0
61,61,16,cadre,47195.0,0.1,74925.0
62,54,18,cadre,47678.0,0.1,81768.0
63,37,15,non_cadre,29144.0,0.06,30802.0
64,63,19,cadre,46471.0,0.1,85419.0
65,39,15,non_cadre,23724.0,0.06,24674.0
66,36,14,non_cadre,41230.0,0.06,35945.0
67,60,15,non_cadre,39625.0,0.06,36007.0
68,37,0,non_cadre,27629.0,0.06,0.0
69,25,1,non_cadre,27721.0,0.06,1511.0
70,42,20,non_cadre,24952.0,0.06,34340.0
71,56,27,non_cadre,25009.0,0.06,45052.0
72,30,8,non_cadre,29996.0,0.06,14095.0
73,41,5,non_cadre,30124.0,0.06,10516.0
74,27,5,non_cadre,21774.0,0.06,7366.0
75,51,4,non_cadre,47461.0,0.06,9623.0
76,42,11,cadre,43697.0,0.1,50103.0
77,36,9,non_cadre,30396.0,0.06,18376.0
78,31,0,cadre,72266.0,0.1,0.0
79,46,24,non_cadre,28440.0,0.06,34259.0
80,50,15,non_cadre,27928.0,0.06,22366.0
81,62,9,cadre,51783.0,0.1,44984.0
82,40,15,non_cadre,29913.0,0.06,24247.0
83,28,0,non_cadre,35240.0,0.06,0.0
84,57,13,cadre,45161.0,0.1,61734.0
85,49,15,non_cadre,34538.0,0.06,31177.0
86,52,10,non_cadre,29941.0,0.06,15485.0
87,26,4,non_cadre,31420.0,0.06,7801.0
88,35,7,non_cadre,28587.0,0.06,9903.0
89,55,4,non_cadre,36665.0,0.06,8388.0
90,57,15,non_cadre,32000.0,0.06,32170.0
91,40,18,non_cadre,29066.0,0.06,36289.0
92,56,11,non_cadre,28893.0,0.06,17126.0
93,58,1,non_cadre,29352.0,0.06,2014.0
94,38,16,non_cadre,30183.0,0.06,33516.0
95,60,13,non_cadre,29664.0,0.06,24127.0
96,34,5,non_cadre,26828.0,0.06,9601.0
97,32,10,non_cadre,34959.0,0.06,18846.0
98,51,9,non_cadre,35404.0,0.06,15822.0
99,49,27,non_cadre,42861.0,0.06,78974.0
100,28,6,non_cadre,26588.0,0.06,9537.0
101,57,16,non_cadre,34277.0,0.06,30885.0
102,30,8,non_cadre,20478.0,0.06,8081.0
103,56,7,cadre,55094.0,0.1,31850.0
104,22,0,non_cadre,22418.0,0.06,0.0
105,56,3,non_cadre,24639.0,0.06,3874.0
106,55,19,non_cadre,32061.0,0.06,43427.0
107,55,22,cadre,33217.0,0.1,66688.0
108,50,28,non_cadre,25778.0,0.06,48799.0
109,42,9,non_cadre,27228.0,0.06,11877.0
110,52,8,non_cadre,34713.0,0.06,15475.0
111,33,11,cadre,75812.0,0.1,96943.0
112,55,20,non_cadre,29677.0,0.06,31126.0
113,45,23,non_cadre,27812.0,0.06,35065.0
114,41,0,non_cadre,35346.0,0.06,0.0
115,43,7,cadre,49197.0,0.1,29223.0
116,46,7,non_cadre,20783.0,0.06,7169.0
117,23,1,non_cadre,36974.0,0.06,2632.0
118,28,6,non_cadre,26550.0,0.06,9194.0
119,32,10,cadre,74438.0,0.1,79139.0
120,26,0,non_cadre,24864.0,0.06,0.0
121,40,18,non_cadre,32312.0,0.06,30991.0
122,50,18,non_cadre,49972.0,0.06,53106.0
123,50,18,non_cadre,30773.0,0.06,35563.0
124,42,20,non_cadre,27364.0,0.06,30121.0
125,58,3,non_cadre,28639.0,0.06,5948.0
126,46,22,cadre,60535.0,0.1,148154.0
127,25,3,non_cadre,40085.0,0.06,7364.0
128,54,15,cadre,50384.0,0.1,74343.0
129,46,20,non_cadre,24323.0,0.06,30583.0
130,49,18,non_cadre,24482.0,0.06,28891.0
131,46,9,non_cadre,30092.0,0.06,13877.0
132,45,11,cadre,37343.0,0.1,46872.0
133,25,3,cadre,55357.0,0.1,16537.0
134,46,1,non_cadre,37483.0,0.06,2641.0
135,56,21,non_cadre,29455.0,0.06,43876.0
136,35,2,non_cadre,24907.0,0.06,2428.0
137,47,13,cadre,36203.0,0.1,44889.0
138,23,1,cadre,51247.0,0.1,5178.0
139,36,2,cadre,70777.0,0.1,14380.0
140,40,18,non_cadre,25915.0,0.06,31597.0
141,64,11,non_cadre,36296.0,0.06,20516.0
142,31,0,non_cadre,31327.0,0.06,0.0
143,33,11,non_cadre,25609.0,0.06,19894.0
144,39,16,non_cadre,36385.0,0.06,41869.0
145,64,19,non_cadre,36732.0,0.06,33669.0
146,58,22,non_cadre,32056.0,0.06,50312.0
147,23,1,non_cadre,26542.0,0.06,1352.0
148,32,10,non_cadre,27372.0,0.06,16666.0
149,57,11,non_cadre,31758.0,0.06,18834.0
150,24,2,non_cadre,23076.0,0.06,2887.0
151,58,4,non_cadre,39125.0,0.06,7651.0
152,34,12,cadre,83294.0,0.1,89491.0
153,61,7,non_cadre,28617.0,0.06,11060.0
154,34,12,cadre,41109.0,0.1,57532.0
155,40,18,cadre,59955.0,0.1,111529.0
156,50,25,cadre,64650.0,0.1,175086.0
157,27,5,non_cadre,40960.0,0.06,13153.0
158,45,3,non_cadre,21202.0,0.06,3652.0
159,43,4,non_cadre,28165.0,0.06,5446.0
160,55,27,non_cadre,33160.0,0.06,45275.0
161,64,11,non_cadre,27177.0,0.06,17641.0
162,50,0,non_cadre,42852.0,0.06,0.0
163,39,8,cadre,61095.0,0.1,43964.0
164,39,17,non_cadre,25483.0,0.06,28055.0
165,39,10,non_cadre,29041.0,0.06,19701.0
166,57,2,non_cadre,25824.0,0.06,3603.0
167,35,13,non_cadre,28852.0,0.06,20646.0
168,29,5,non_cadre,28677.0,0.06,10087.0
169,36,10,cadre,63301.0,0.1,66035.0
170,22,0,non_cadre,25116.0,0.06,0.0
171,26,4,non_cadre,17776.0,0.06,4741.0
172,25,3,non_cadre,21765.0,0.06,3508.0
173,55,26,non_cadre,24423.0,0.06,42864.0
174,53,10,cadre,37344.0,0.1,39584.0
175,51,6,cadre,40273.0,0.1,27057.0
176,41,4,cadre,55817.0,0.1,25504.0
177,52,6,cadre,50760.0,0.1,31886.0
178,28,6,cadre,30511.0,0.1,14914.0
179,60,2,non_cadre,24000.0,0.06,2647.0
180,43,12,non_cadre,26851.0,0.06,22256.0
181,62,25,non_cadre,26622.0,0.06,41961.0
182,28,6,non_cadre,34433.0,0.06,14330.0
183,43,19,cadre,67491.0,0.1,122310.0
184,51,26,non_cadre,27929.0,0.06,43652.0
185,43,21,cadre,67133.0,0.1,161427.0
186,41,19,non_cadre,35268.0,0.06,44420.0
187,29,7,cadre,80208.0,0.1,53394.0
188,38,3,non_cadre,37015.0,0.06,5390.0
189,32,10,non_cadre,23825.0,0.06,16470.0
190,34,8,non_cadre,29705.0,0.06,15892.0
191,51,21,non_cadre,26736.0,0.06,33002.0
192,49,27,non_cadre,23476.0,0.06,38735.0
193,48,14,cadre,48541.0,0.1,59920.0
194,37,2,non_cadre,42427.0,0.06,4912.0
195,63,11,non_cadre,25295.0,0.06,14446.0
196,25,3,non_cadre,29245.0,0.06,4655.0
197,36,14,non_cadre,23075.0,0.06,22068.0
198,27,5,non_cadre,22407.0,0.06,6352.0
199,36,14,non_cadre,25630.0,0.06,24239.0
200,63,28,non_cadre,27418.0,0.06,45581.0
201,37,13,non_cadre,27663.0,0.06,17873.0
202,61,12,cadre,71250.0,0.1,80764.0
203,43,21,cadre,68186.0,0.1,123618.0
204,52,20,non_cadre,26470.0,0.06,34224.0
205,41,15,cadre,30456.0,0.1,53202.0
206,33,11,cadre,50109.0,0.1,60920.0
207,54,21,cadre,43024.0,0.1,100413.0
208,63,22,non_cadre,31810.0,0.06,48067.0
209,33,11,cadre,43968.0,0.1,53717.0
210,55,0,cadre,51731.0,0.1,0.0
211,33,3,non_cadre,22131.0,0.06,4325.0
212,52,4,cadre,37753.0,0.1,14594.0
213,55,13,non_cadre,32277.0,0.06,20854.0
214,41,18,non_cadre,30336.0,0.06,35457.0
215,53,24,non_cadre,37568.0,0.06,58894.0
216,33,6,non_cadre,28088.0,0.06,8994.0
217,25,3,non_cadre,26513.0,0.06,5639.0
218,26,4,cadre,63431.0,0.1,20831.0
219,41,1,non_cadre,43352.0,0.06,2847.0
220,60,10,cadre,62318.0,0.1,73996.0
221,27,5,cadre,73297.0,0.1,33851.0
222,41,19,non_cadre,36974.0,0.06,49105.0
223,52,27,cadre,32850.0,0.1,100276.0
224,30,8,cadre,45564.0,0.1,40010.0
225,53,15,non_cadre,35068.0,0.06,37290.0
226,35,13,non_cadre,26809.0,0.06,22200.0
227,56,9,cadre,77966.0,0.1,70026.0
228,46,23,cadre,51185.0,0.1,125998.0
229,45,2,cadre,53120.0,0.1,10249.0
230,29,7,cadre,68884.0,0.1,44841.0
231,41,4,non_cadre,26330.0,0.06,5263.0
232,58,14,non_cadre,36122.0,0.06,28862.0
233,22,0,non_cadre,36360.0,0.06,0.0
234,54,5,non_cadre,34854.0,0.06,12319.0
235,43,11,non_cadre,32760.0,0.06,25731.0
236,52,25,non_cadre,32582.0,0.06,43136.0
237,50,16,cadre,52860.0,0.1,86993.0
238,40,18,cadre,75044.0,0.1,139172.0
239,35,13,non_cadre,32992.0,0.06,22399.0
240,48,26,non_cadre,22653.0,0.06,36493.0
241,28,6,cadre,63033.0,0.1,35744.0
242,47,25,non_cadre,24420.0,0.06,43112.0
243,26,4,non_cadre,37436.0,0.06,8105.0
244,49,27,non_cadre,41763.0,0.06,76721.0
245,49,10,non_cadre,19441.0,0.06,13516.0
246,25,3,non_cadre,41024.0,0.06,8081.0
247,54,17,non_cadre,30525.0,0.06,27582.0
248,39,17,cadre,54526.0,0.1,83809.0
249,55,27,cadre,65187.0,0.1,209173.0
250,23,1,non_cadre,40016.0,0.06,1994.0
251,29,4,non_cadre,31285.0,0.06,6358.0
252,43,12,cadre,48920.0,0.1,69942.0
253,30,8,non_cadre,29373.0,0.06,15661.0
254,36,14,non_cadre,33259.0,0.06,30691.0
255,50,10,non_cadre,28732.0,0.06,14896.0
256,28,6,non_cadre,34218.0,0.06,12264.0
257,51,1,non_cadre,29608.0,0.06,2019.0
258,26,4,non_cadre,26632.0,0.06,5954.0
259,29,7,non_cadre,24143.0,0.06,8894.0
260,47,7,cadre,43503.0,0.1,24495.0
261,56,29,non_cadre,31253.0,0.06,57046.0
262,29,2,non_cadre,20274.0,0.06,2232.0
263,34,12,cadre,60408.0,0.1,83035.0
264,61,14,non_cadre,20123.0,0.06,15440.0
265,64,24,non_cadre,26517.0,0.06,32863.0
266,46,24,cadre,43133.0,0.1,122585.0
267,41,16,non_cadre,23664.0,0.06,26941.0
268,36,14,non_cadre,34530.0,0.06,31152.0
269,48,20,non_cadre,53036.0,0.06,74549.0
270,47,15,non_cadre,40121.0,0.06,31225.0
271,34,5,non_cadre,30812.0,0.06,9097.0
272,22,0,non_cadre,35619.0,0.06,0.0
273,28,6,non_cadre,22811.0,0.06,8142.0
274,63,13,non_cadre,21901.0,0.06,19072.0
275,39,17,non_cadre,30173.0,0.06,35023.0
276,42,6,non_cadre,32490.0,0.06,9377.0
277,42,7,non_cadre,37340.0,0.06,14990.0
278,55,24,non_cadre,26774.0,0.06,46174.0
279,24,2,cadre,32838.0,0.1,6802.0
280,25,3,non_cadre,30970.0,0.06,5120.0
281,33,11,non_cadre,29222.0,0.06,18430.0
282,42,20,non_cadre,29568.0,0.06,32963.0
283,50,24,non_cadre,25286.0,0.06,35649.0
284,43,21,non_cadre,31726.0,0.06,39087.0
285,40,18,cadre,51860.0,0.1,93604.0
286,62,17,cadre,66830.0,0.1,111998.0
287,28,6,non_cadre,34273.0,0.06,12418.0
288,46,24,non_cadre,36847.0,0.06,43042.0
289,45,7,non_cadre,34352.0,0.06,11856.0
290,42,8,non_cadre,24354.0,0.06,11087.0
291,56,24,non_cadre,30604.0,0.06,50855.0
292,33,11,non_cadre,25001.0,0.06,18420.0
293,63,10,non_cadre,30585.0,0.06,15489.0
294,36,14,non_cadre,25020.0,0.06,20973.0
295,45,23,non_cadre,38731.0,0.06,55685.0
296,44,22,non_cadre,35088.0,0.06,45968.0
297,58,0,non_cadre,37781.0,0.06,0.0
298,40,18,cadre,43044.0,0.1,92890.0
299,34,5,non_cadre,28420.0,0.06,7150.0
300,22,0,cadre,54030.0,0.1,0.0
301,37,2,non_cadre,42502.0,0.06,5125.0
302,57,29,non_cadre,29025.0,0.06,51764.0
303,22,0,non_cadre,22880.0,0.06,0.0
304,60,12,non_cadre,36697.0,0.06,27884.0
305,45,7,cadre,33564.0,0.1,19213.0
306,28,6,non_cadre,40544.0,0.06,16004.0
307,34,11,non_cadre,31494.0,0.06,22143.0
308,45,22,non_cadre,29880.0,0.06,36766.0
309,35,2,cadre,76179.0,0.1,18216.0
310,26,4,non_cadre,22054.0,0.06,5989.0
311,50,27,non_cadre,26686.0,0.06,43915.0
312,50,27,non_cadre,25122.0,0.06,48683.0
313,27,5,non_cadre,19340.0,0.06,6568.0
314,34,11,non_cadre,35724.0,0.06,20164.0
315,32,10,non_cadre,26835.0,0.06,16687.0
316,50,16,non_cadre,35955.0,0.06,35633.0
317,53,16,cadre,33506.0,0.1,56889.0
318,53,3,non_cadre,33873.0,0.06,7172.0
319,62,22,non_cadre,27388.0,0.06,36037.0
320,55,6,non_cadre,25748.0,0.06,7702.0
321,35,9,cadre,41272.0,0.1,36838.0
322,26,4,non_cadre,36054.0,0.06,9649.0
323,48,20,non_cadre,29699.0,0.06,33623.0
324,61,11,cadre,54766.0,0.1,48847.0
325,63,27,cadre,45853.0,0.1,114059.0
326,31,9,cadre,63150.0,0.1,60976.0
327,32,10,non_cadre,26853.0,0.06,13444.0
328,23,1,non_cadre,29573.0,0.06,1686.0
329,28,5,non_cadre,28601.0,0.06,7321.0
330,45,14,non_cadre,27448.0,0.06,22834.0
331,45,16,non_cadre,31816.0,0.06,26164.0
332,37,15,non_cadre,33519.0,0.06,25449.0
333,35,11,cadre,40232.0,0.1,47757.0
334,57,26,cadre,49329.0,0.1,110710.0
335,41,18,non_cadre,41262.0,0.06,38410.0
336,56,2,non_cadre,25469.0,0.06,3169.0
337,63,22,non_cadre,21780.0,0.06,23501.0
338,35,13,non_cadre,29914.0,0.06,18974.0
339,30,8,non_cadre,35616.0,0.06,16627.0
340,62,14,non_cadre,34516.0,0.06,27429.0
341,49,9,non_cadre,38224.0,0.06,21009.0
342,34,12,cadre,92504.0,0.1,132916.0
343,48,17,non_cadre,38544.0,0.06,38288.0
344,44,13,non_cadre,32082.0,0.06,25785.0
345,60,8,non_cadre,22030.0,0.06,12348.0
346,33,11,cadre,41837.0,0.1,45711.0
347,64,14,non_cadre,31034.0,0.06,29000.0
348,62,14,non_cadre,32377.0,0.06,27726.0
349,29,7,non_cadre,36636.0,0.06,16232.0
350,29,7,cadre,91247.0,0.1,74923.0
351,44,6,non_cadre,22346.0,0.06,6438.0
352,23,1,non_cadre,29154.0,0.06,2030.0
353,34,3,non_cadre,21708.0,0.06,3904.0
354,40,14,non_cadre,34158.0,0.06,29918.0
355,63,23,non_cadre,39678.0,0.06,53662.0
356,64,24,non_cadre,23404.0,0.06,30479.0
357,28,6,non_cadre,26230.0,0.06,7804.0
358,60,22,non_cadre,25147.0,0.06,39104.0
359,25,1,non_cadre,27397.0,0.06,1725.0
360,54,10,non_cadre,32579.0,0.06,22468.0
361,58,19,non_cadre,27456.0,0.06,28681.0
362,60,24,cadre,59364.0,0.1,129822.0
363,31,9,cadre,50934.0,0.1,42830.0
364,60,25,non_cadre,37395.0,0.06,50058.0
365,26,4,non_cadre,23988.0,0.06,5752.0
366,44,4,non_cadre,39582.0,0.06,11157.0
367,42,2,non_cadre,40222.0,0.06,5553.0
368,35,13,non_cadre,40925.0,0.06,31859.0
369,22,0,non_cadre,29068.0,0.06,0.0
370,55,8,non_cadre,25812.0,0.06,12943.0
371,36,14,cadre,55328.0,0.1,80937.0
372,50,22,non_cadre,24067.0,0.06,34104.0
373,39,10,cadre,64024.0,0.1,64936.0
374,38,7,non_cadre,35544.0,0.06,12103.0
375,60,22,non_cadre,38959.0,0.06,42705.0
376,26,4,non_cadre,27224.0,0.06,7772.0
377,53,5,non_cadre,29769.0,0.06,9810.0
378,54,7,non_cadre,29381.0,0.06,14553.0
379,38,14,cadre,100062.0,0.1,131095.0
380,33,11,non_cadre,34756.0,0.06,23260.0
381,22,0,cadre,58195.0,0.1,0.0
382,62,28,non_cadre,30863.0,0.06,60331.0
383,62,11,non_cadre,32229.0,0.06,19465.0
384,32,10,cadre,62885.0,0.1,67760.0
385,23,1,cadre,62997.0,0.1,5481.0
386,27,5,non_cadre,25368.0,0.06,6409.0
387,24,2,cadre,67342.0,0.1,11613.0
388,57,29,cadre,71462.0,0.1,209682.0
389,60,14,non_cadre,27502.0,0.06,26285.0
390,28,6,non_cadre,31439.0,0.06,13578.0
391,54,5,non_cadre,32140.0,0.06,10115.0
392,29,4,non_cadre,37246.0,0.06,9059.0
393,37,15,non_cadre,24336.0,0.06,24416.0
394,47,24,non_cadre,39103.0,0.06,46482.0
395,52,16,non_cadre,30139.0,0.06,32514.0
396,59,0,non_cadre,27112.0,0.06,0.0
397,23,1,non_cadre,26946.0,0.06,1636.0
398,30,8,non_cadre,24555.0,0.06,9537.0
399,34,12,non_cadre,21179.0,0.06,13432.0
400,35,13,cadre,52513.0,0.1,64709.0
401,64,25,non_cadre,44584.0,0.06,78679.0
402,55,20,cadre,51132.0,0.1,107929.0
403,35,13,non_cadre,24807.0,0.06,19428.0
404,63,15,cadre,46502.0,0.1,69430.0
405,43,0,non_cadre,29727.0,0.06,0.0
406,43,11,non_cadre,35449.0,0.06,21746.0
407,40,18,non_cadre,29396.0,0.06,26599.0
408,28,6,cadre,49393.0,0.1,31735.0
409,62,16,cadre,46248.0,0.1,68936.0
410,22,0,non_cadre,18630.0,0.06,0.0
411,29,0,non_cadre,23867.0,0.06,0.0
412,31,9,non_cadre,36265.0,0.06,17568.0
413,34,12,non_cadre,38076.0,0.06,32039.0
414,27,5,cadre,67949.0,0.1,38690.0
415,22,0,non_cadre,32765.0,0.06,0.0
416,51,6,non_cadre,19106.0,0.06,8156.0
417,63,10,cadre,46034.0,0.1,42617.0
418,27,5,non_cadre,39100.0,0.06,11170.0
419,34,12,cadre,38515.0,0.1,49883.0
420,43,19,non_cadre,39398.0,0.06,36216.0
421,61,24,non_cadre,28615.0,0.06,49346.0
422,51,29,non_cadre,23101.0,0.06,32331.0
423,54,2,non_cadre,29757.0,0.06,3616.0
424,46,7,cadre,46902.0,0.1,35047.0
425,39,9,non_cadre,41030.0,0.06,25827.0
426,30,7,non_cadre,31398.0,0.06,13947.0
427,59,24,non_cadre,30100.0,0.06,45025.0
428,56,4,non_cadre,30444.0,0.06,6723.0
429,23,0,non_cadre,32498.0,0.06,0.0
430,52,25,non_cadre,34004.0,0.06,56101.0
431,25,3,non_cadre,25953.0,0.06,4701.0
432,53,6,non_cadre,24280.0,0.06,9718.0
433,57,9,non_cadre,39461.0,0.06,17641.0
434,27,5,non_cadre,21606.0,0.06,6055.0
435,40,15,non_cadre,41627.0,0.06,44355.0
436,27,5,cadre,80849.0,0.1,37570.0
437,46,12,non_cadre,26690.0,0.06,20153.0
438,61,0,cadre,48894.0,0.1,0.0
439,25,3,non_cadre,30002.0,0.06,6344.0
440,39,16,cadre,50190.0,0.1,69472.0
441,63,15,cadre,49919.0,0.1,68870.0
442,34,12,non_cadre,30405.0,0.06,25065.0
443,27,5,non_cadre,28731.0,0.06,9192.0
444,43,21,non_cadre,26481.0,0.06,33941.0
445,43,7,non_cadre,29793.0,0.06,11987.0
446,50,10,non_cadre,26704.0,0.06,15454.0
447,35,13,non_cadre,48818.0,0.06,44702.0
448,63,12,non_cadre,28594.0,0.06,21996.0
449,44,12,non_cadre,27839.0,0.06,23484.0
450,34,5,non_cadre,26920.0,0.06,9601.0
451,63,7,cadre,54141.0,0.1,38611.0
452,61,22,non_cadre,21615.0,0.06,29786.0
453,43,21,non_cadre,32236.0,0.06,43158.0
454,23,1,cadre,41082.0,0.1,4666.0
455,47,9,non_cadre,22568.0,0.06,12962.0
456,45,4,non_cadre,25467.0,0.06,5170.0
457,28,4,cadre,57970.0,0.1,27292.0
458,49,11,non_cadre,25237.0,0.06,17729.0
459,58,15,cadre,37950.0,0.1,65348.0
460,26,4,cadre,34547.0,0.1,13403.0
461,53,26,non_cadre,31041.0,0.06,47934.0
462,28,0,cadre,73481.0,0.1,0.0
463,54,21,cadre,53042.0,0.1,123703.0
464,40,8,non_cadre,28336.0,0.06,11308.0
465,22,0,cadre,66983.0,0.1,0.0
466,63,16,non_cadre,30926.0,0.06,32894.0
467,29,1,non_cadre,31934.0,0.06,2293.0
468,47,10,cadre,54602.0,0.1,43936.0
469,29,7,non_cadre,29978.0,0.06,11406.0
470,62,8,cadre,59366.0,0.1,46825.0
471,53,17,non_cadre,37787.0,0.06,34271.0
472,56,13,cadre,46322.0,0.1,48823.0
473,40,18,non_cadre,31428.0,0.06,34479.0
474,42,5,cadre,50479.0,0.1,26748.0
475,49,1,non_cadre,33978.0,0.06,1970.0
476,55,15,cadre,69633.0,0.1,99013.0
477,58,7,cadre,28918.0,0.1,24175.0
478,22,0,non_cadre,33579.0,0.06,0.0
479,50,2,non_cadre,35861.0,0.06,4816.0
480,26,4,non_cadre,40021.0,0.06,8787.0
481,34,12,cadre,61509.0,0.1,83559.0
482,57,2,cadre,43385.0,0.1,9800.0
483,32,9,non_cadre,31524.0,0.06,15441.0
484,56,25,non_cadre,30517.0,0.06,48629.0
485,41,16,non_cadre,30697.0,0.06,31615.0
486,32,5,non_cadre,30224.0,0.06,8859.0
487,36,6,non_cadre,31298.0,0.06,12501.0
488,44,22,cadre,49903.0,0.1,101306.0
489,54,25,non_cadre,38293.0,0.06,57078.0
490,48,10,non_cadre,25789.0,0.06,18507.0
491,62,14,non_cadre,28984.0,0.06,21217.0
492,59,23,non_cadre,27569.0,0.06,32685.0
493,54,5,cadre,59917.0,0.1,25671.0
494,47,6,non_cadre,21715.0,0.06,9375.0
495,34,12,non_cadre,30146.0,0.06,18752.0
496,39,5,non_cadre,33018.0,0.06,8678.0
497,27,5,non_cadre,29084.0,0.06,9405.0
498,38,14,non_cadre,29946.0,0.06,27766.0
499,61,29,cadre,58072.0,0.1,170232.0
500,40,0,non_cadre,39782.0,0.06,0.0
501,26,4,cadre,60914.0,0.1,19872.0
502,50,6,non_cadre,23733.0,0.06,8957.0
503,63,1,cadre,46666.0,0.1,4865.0
504,59,21,non_cadre,43725.0,0.06,51154.0
505,33,11,non_cadre,23784.0,0.06,18206.0
506,41,19,non_cadre,34166.0,0.06,39773.0
507,44,3,cadre,73285.0,0.1,19755.0
508,32,2,non_cadre,18692.0,0.06,1874.0
509,33,11,non_cadre,32565.0,0.06,18115.0
510,32,10,non_cadre,33848.0,0.06,23537.0
511,64,12,cadre,67516.0,0.1,72927.0
512,54,23,non_cadre,26362.0,0.06,42302.0
513,58,27,non_cadre,26657.0,0.06,36622.0
514,57,26,non_cadre,28092.0,0.06,52307.0
515,63,15,cadre,46878.0,0.1,79693.0
516,26,4,non_cadre,27195.0,0.06,5525.0
517,59,15,cadre,54121.0,0.1,67740.0
518,24,2,cadre,71675.0,0.1,16075.0
519,42,17,cadre,58839.0,0.1,83145.0
520,47,15,non_cadre,21145.0,0.06,17220.0
521,37,13,non_cadre,38189.0,0.06,33377.0
522,28,6,cadre,59838.0,0.1,41756.0
523,30,8,non_cadre,27759.0,0.06,14751.0
524,57,27,non_cadre,29340.0,0.06,54944.0
525,35,13,non_cadre,31282.0,0.06,24984.0
526,35,3,non_cadre,27015.0,0.06,5407.0
527,61,17,non_cadre,33194.0,0.06,31748.0
528,28,6,cadre,47241.0,0.1,31578.0
529,61,0,non_cadre,28243.0,0.06,0.0
530,61,2,non_cadre,19264.0,0.06,2381.0
531,47,17,non_cadre,37926.0,0.06,46302.0
532,29,7,non_cadre,28962.0,0.06,12017.0
533,28,6,non_cadre,34302.0,0.06,12938.0
534,34,12,non_cadre,33000.0,0.06,23854.0
535,46,2,non_cadre,33487.0,0.06,3633.0
536,28,6,non_cadre,29953.0,0.06,10051.0
537,41,1,non_cadre,32422.0,0.06,2318.0
538,26,4,non_cadre,24753.0,0.06,5684.0
539,45,23,non_cadre,23735.0,0.06,35105.0
540,22,0,cadre,36534.0,0.1,0.0
541,52,8,non_cadre,26186.0,0.06,14529.0
542,24,2,non_cadre,39897.0,0.06,5281.0
543,30,8,non_cadre,32337.0,0.06,12918.0
544,29,7,non_cadre,25995.0,0.06,10287.0
545,57,6,non_cadre,28414.0,0.06,11096.0
546,24,2,non_cadre,30809.0,0.06,3196.0
547,40,4,non_cadre,29595.0,0.06,7113.0
548,47,1,non_cadre,31676.0,0.06,1762.0
549,44,6,non_cadre,30415.0,0.06,9043.0
550,51,22,non_cadre,22716.0,0.06,35948.0
551,56,18,non_cadre,19512.0,0.06,24692.0
552,38,10,cadre,51543.0,0.1,56646.0
553,57,19,non_cadre,33559.0,0.06,33682.0
554,35,13,cadre,64016.0,0.1,99483.0
555,64,16,non_cadre,38417.0,0.06,38810.0
556,43,15,non_cadre,29720.0,0.06,31735.0
557,53,3,non_cadre,39356.0,0.06,5788.0
558,59,7,non_cadre,37772.0,0.06,13792.0
559,56,15,non_cadre,37020.0,0.06,35680.0
560,58,4,cadre,43055.0,0.1,20027.0
561,45,14,non_cadre,30103.0,0.06,22007.0
562,23,1,non_cadre,38312.0,0.06,2131.0
563,43,21,cadre,59523.0,0.1,129407.0
564,29,3,cadre,48784.0,0.1,17560.0
565,60,2,non_cadre,22729.0,0.06,3054.0
566,32,10,cadre,53850.0,0.1,62974.0
567,31,6,non_cadre,25608.0,0.06,9864.0
568,32,10,cadre,43564.0,0.1,50140.0
569,49,9,cadre,57616.0,0.1,52001.0
570,46,6,non_cadre,18388.0,0.06,5625.0
571,62,22,cadre,36869.0,0.1,87911.0
572,39,17,cadre,64266.0,0.1,113687.0
573,34,7,non_cadre,27804.0,0.06,11609.0
574,24,2,non_cadre,22548.0,0.06,2462.0
575,22,0,non_cadre,30152.0,0.06,0.0
576,38,16,cadre,49703.0,0.1,89717.0
577,61,17,non_cadre,35663.0,0.06,34400.0
578,44,22,non_cadre,25111.0,0.06,38818.0
579,60,13,non_cadre,31669.0,0.06,23415.0
580,26,4,non_cadre,23850.0,0.06,4825.0
581,26,4,non_cadre,50451.0,0.06,10493.0
582,57,25,non_cadre,33179.0,0.06,49659.0
583,26,4,non_cadre,29140.0,0.06,5818.0
584,24,2,non_cadre,28293.0,0.06,3692.0
585,39,13,non_cadre,26856.0,0.06,23420.0
586,61,22,non_cadre,25765.0,0.06,34683.0
587,51,6,non_cadre,25624.0,0.06,10676.0
588,26,4,non_cadre,41966.0,0.06,11902.0
589,57,24,non_cadre,26861.0,0.06,37869.0
590,58,25,non_cadre,19596.0,0.06,24563.0
591,56,2,non_cadre,23760.0,0.06,2545.0
592,60,17,non_cadre,36116.0,0.06,39161.0
593,32,10,non_cadre,28524.0,0.06,16469.0
594,64,18,cadre,42001.0,0.1,81197.0
595,35,13,non_cadre,37908.0,0.06,31540.0
596,56,10,non_cadre,25681.0,0.06,16058.0
597,46,16,non_cadre,34045.0,0.06,28210.0
598,55,20,non_cadre,26249.0,0.06,28801.0
599,48,22,non_cadre,33662.0,0.06,42263.0
600,49,23,non_cadre,27743.0,0.06,43254.0
601,48,10,non_cadre,28585.0,0.06,18401.0
602,55,29,cadre,57473.0,0.1,176334.0
603,53,0,non_cadre,34841.0,0.06,0.0
604,27,5,non_cadre,29024.0,0.06,8718.0
605,57,18,non_cadre,27300.0,0.06,24055.0
606,45,1,non_cadre,41307.0,0.06,2182.0
607,35,13,cadre,60916.0,0.1,67797.0
608,44,17,non_cadre,27743.0,0.06,23363.0
609,63,18,non_cadre,26327.0,0.06,26380.0
610,58,3,non_cadre,36825.0,0.06,7391.0
611,57,8,cadre,37033.0,0.1,25065.0
612,41,7,non_cadre,29035.0,0.06,10299.0
613,55,19,non_cadre,30698.0,0.06,29736.0
614,38,9,non_cadre,32097.0,0.06,15737.0
615,51,17,non_cadre,29662.0,0.06,26651.0
616,49,21,cadre,46453.0,0.1,78586.0
617,32,10,non_cadre,38593.0,0.06,21086.0
618,33,5,non_cadre,33367.0,0.06,11997.0
619,24,2,non_cadre,39494.0,0.06,4429.0
620,28,4,cadre,54149.0,0.1,19158.0
621,40,0,non_cadre,34442.0,0.06,0.0
622,42,1,non_cadre,36675.0,0.06,1962.0
623,29,6,non_cadre,36782.0,0.06,13557.0
624,39,17,non_cadre,36032.0,0.06,35292.0
625,47,6,cadre,43645.0,0.1,30344.0
626,32,10,non_cadre,44373.0,0.06,31181.0
627,36,12,non_cadre,26930.0,0.06,21042.0
628,37,1,non_cadre,29083.0,0.06,1547.0
629,43,13,cadre,57161.0,0.1,73533.0
630,37,0,non_cadre,27871.0,0.06,0.0
631,53,14,non_cadre,20155.0,0.06,18950.0
632,36,14,cadre,35116.0,0.1,39904.0
633,40,15,non_cadre,24434.0,0.06,23420.0
634,38,8,cadre,48605.0,0.1,36135.0
635,29,7,cadre,36250.0,0.1,25182.0
636,51,17,non_cadre,33965.0,0.06,32191.0
637,32,7,non_cadre,25639.0,0.06,10186.0
638,34,12,non_cadre,23903.0,0.06,18410.0
639,56,3,cadre,53886.0,0.1,16783.0
640,62,27,non_cadre,26077.0,0.06,37920.0
641,50,22,non_cadre,26745.0,0.06,28859.0
642,61,8,non_cadre,31049.0,0.06,17026.0
643,58,20,non_cadre,35205.0,0.06,42116.0
644,42,20,non_cadre,25470.0,0.06,32016.0
645,55,18,non_cadre,24605.0,0.06,26451.0
646,36,1,cadre,50308.0,0.1,5270.0
647,41,19,non_cadre,33416.0,0.06,40029.0
648,45,23,cadre,33845.0,0.1,62743.0
649,63,29,non_cadre,24214.0,0.06,42693.0
650,58,29,cadre,28985.0,0.1,84127.0
651,43,21,non_cadre,37953.0,0.06,40089.0
652,50,22,non_cadre,44515.0,0.06,64539.0
653,30,1,non_cadre,24596.0,0.06,1320.0
654,56,13,non_cadre,25879.0,0.06,16589.0
655,45,7,non_cadre,32376.0,0.06,15247.0
656,44,6,cadre,39363.0,0.1,27067.0
657,54,24,non_cadre,25774.0,0.06,33265.0
658,49,24,non_cadre,31503.0,0.06,48767.0
659,25,3,cadre,53504.0,0.1,12873.0
660,34,12,non_cadre,23088.0,0.06,18094.0
661,29,3,non_cadre,40482.0,0.06,7184.0
662,53,6,cadre,67524.0,0.1,45254.0
663,23,1,non_cadre,32148.0,0.06,1846.0
664,30,8,cadre,67113.0,0.1,50492.0
665,47,16,cadre,43969.0,0.1,79940.0
666,51,13,non_cadre,28267.0,0.06,17979.0
667,43,6,non_cadre,34634.0,0.06,10908.0
668,59,24,non_cadre,28979.0,0.06,40263.0
669,61,22,non_cadre,33297.0,0.06,45646.0
670,27,5,non_cadre,28797.0,0.06,6929.0
671,62,10,non_cadre,35639.0,0.06,22026.0
672,48,19,non_cadre,22700.0,0.06,24620.0
673,49,27,non_cadre,24496.0,0.06,41747.0
674,26,4,non_cadre,22633.0,0.06,6316.0
675,48,14,non_cadre,29663.0,0.06,24328.0
676,53,8,non_cadre,22094.0,0.06,10837.0
677,46,15,cadre,62971.0,0.1,93051.0
678,25,3,non_cadre,24039.0,0.06,3667.0
679,44,18,non_cadre,40331.0,0.06,48664.0
680,62,1,non_cadre,24608.0,0.06,1704.0
681,53,5,non_cadre,23194.0,0.06,7825.0
682,27,5,non_cadre,31528.0,0.06,11152.0
683,63,11,cadre,42402.0,0.1,46046.0
684,63,12,non_cadre,29312.0,0.06,22391.0
685,29,7,non_cadre,29769.0,0.06,10844.0
686,56,13,cadre,48959.0,0.1,75786.0
687,39,17,cadre,45748.0,0.1,80278.0
688,47,7,cadre,65529.0,0.1,41497.0
689,41,19,non_cadre,26702.0,0.06,34159.0
690,55,6,non_cadre,32864.0,0.06,12240.0
691,64,11,non_cadre,22852.0,0.06,17795.0
692,56,17,cadre,58323.0,0.1,109856.0
693,62,26,non_cadre,39944.0,0.06,71716.0
694,62,6,non_cadre,38923.0,0.06,14274.0
695,25,3,non_cadre,32743.0,0.06,5935.0
696,32,1,non_cadre,20396.0,0.06,1350.0
697,53,2,cadre,56192.0,0.1,9463.0
698,47,23,non_cadre,26188.0,0.06,29693.0
699,24,2,non_cadre,28987.0,0.06,4151.0
700,26,4,cadre,50728.0,0.1,23670.0
701,44,18,non_cadre,28558.0,0.06,36464.0
702,48,11,cadre,55969.0,0.1,50789.0
703,29,7,cadre,59236.0,0.1,37639.0
704,29,7,non_cadre,31342.0,0.06,15278.0
705,27,5,non_cadre,24476.0,0.06,6137.0
706,46,24,non_cadre,21615.0,0.06,30521.0
707,22,0,non_cadre,23466.0,0.06,0.0
708,46,9,non_cadre,21441.0,0.06,13337.0
709,42,16,cadre,78771.0,0.1,126945.0
710,42,20,non_cadre,32394.0,0.06,35613.0
711,51,8,non_cadre,24733.0,0.06,11987.0
712,44,22,non_cadre,30901.0,0.06,34466.0
713,53,13,non_cadre,40245.0,0.06,34294.0
714,54,19,non_cadre,44378.0,0.06,52986.0
715,61,28,cadre,42704.0,0.1,124388.0
716,56,12,cadre,40817.0,0.1,47763.0
717,44,5,non_cadre,34772.0,0.06,9573.0
718,43,21,non_cadre,39313.0,0.06,40923.0
719,32,0,cadre,68893.0,0.1,0.0
720,47,13,cadre,73514.0,0.1,92378.0
721,27,5,non_cadre,26904.0,0.06,8058.0
722,62,12,cadre,57808.0,0.1,65922.0
723,58,20,cadre,52588.0,0.1,125701.0
724,27,5,non_cadre,31983.0,0.06,10732.0
725,55,6,non_cadre,24021.0,0.06,7249.0
726,27,5,non_cadre,28339.0,0.06,8870.0
727,53,15,non_cadre,33323.0,0.06,29806.0
728,25,3,non_cadre,31341.0,0.06,6303.0
729,42,12,non_cadre,32374.0,0.06,27946.0
730,50,12,non_cadre,28118.0,0.06,22223.0
731,53,25,non_cadre,34465.0,0.06,59244.0
732,40,3,non_cadre,37058.0,0.06,6677.0
733,61,25,non_cadre,36616.0,0.06,52147.0
734,55,12,non_cadre,32679.0,0.06,24877.0
735,30,8,cadre,48510.0,0.1,42680.0
736,50,16,non_cadre,35709.0,0.06,30545.0
737,53,8,non_cadre,51239.0,0.06,24628.0
738,36,14,non_cadre,38276.0,0.06,27185.0
739,53,6,non_cadre,29472.0,0.06,9406.0
740,60,1,non_cadre,25000.0,0.06,1729.0
741,57,22,non_cadre,28473.0,0.06,32243.0
742,54,18,non_cadre,28074.0,0.06,34096.0
743,49,26,non_cadre,33231.0,0.06,49198.0
744,33,11,non_cadre,26079.0,0.06,18338.0
745,56,0,non_cadre,38078.0,0.06,0.0
746,37,0,cadre,35124.0,0.1,0.0
747,44,12,cadre,31361.0,0.1,42540.0
748,35,7,non_cadre,29200.0,0.06,11092.0
749,35,13,non_cadre,25348.0,0.06,18677.0
750,28,3,non_cadre,23326.0,0.06,4590.0
751,63,26,cadre,67542.0,0.1,195083.0
752,28,6,non_cadre,25762.0,0.06,10350.0
753,25,3,non_cadre,30061.0,0.06,5931.0
754,62,8,non_cadre,26499.0,0.06,11354.0
755,45,4,cadre,39832.0,0.1,14589.0
756,40,12,non_cadre,29971.0,0.06,25395.0
757,53,9,cadre,61484.0,0.1,56528.0
758,38,15,non_cadre,40260.0,0.06,39922.0
759,27,5,cadre,36260.0,0.1,18849.0
760,53,0,cadre,53320.0,0.1,0.0
761,29,3,cadre,40489.0,0.1,13938.0
762,45,4,non_cadre,33031.0,0.06,7171.0
763,62,5,non_cadre,32435.0,0.06,11228.0
764,62,2,non_cadre,39110.0,0.06,4318.0
765,37,9,non_cadre,20562.0,0.06,10841.0
766,55,16,non_cadre,28625.0,0.06,31341.0
767,48,9,non_cadre,32106.0,0.06,16117.0
768,42,9,non_cadre,29843.0,0.06,14767.0
769,28,6,non_cadre,24863.0,0.06,9555.0
770,38,16,non_cadre,23134.0,0.06,26647.0
771,50,9,non_cadre,35250.0,0.06,16226.0
772,64,6,non_cadre,25785.0,0.06,10029.0
773,22,0,cadre,37614.0,0.1,0.0
774,52,0,non_cadre,35606.0,0.06,0.0
775,58,14,cadre,59160.0,0.1,91102.0
776,62,28,cadre,49278.0,0.1,141005.0
777,40,11,non_cadre,24985.0,0.06,18454.0
778,27,3,non_cadre,29327.0,0.06,5794.0
779,33,11,non_cadre,38257.0,0.06,30149.0
780,58,3,cadre,40083.0,0.1,13520.0
781,59,5,non_cadre,21942.0,0.06,5442.0
782,49,4,non_cadre,26460.0,0.06,7061.0
783,27,5,non_cadre,29841.0,0.06,9488.0
784,27,5,non_cadre,27165.0,0.06,6812.0
785,42,17,cadre,63356.0,0.1,112250.0
786,47,18,non_cadre,37299.0,0.06,44324.0
787,23,1,non_cadre,31720.0,0.06,1673.0
788,51,18,non_cadre,33558.0,0.06,35299.0
789,45,16,non_cadre,31678.0,0.06,30928.0
790,22,0,non_cadre,30057.0,0.06,0.0
791,26,4,non_cadre,23161.0,0.06,6395.0
792,41,2,non_cadre,24425.0,0.06,2543.0
793,53,11,cadre,66926.0,0.1,81615.0
794,57,29,cadre,43475.0,0.1,140102.0
795,40,12,non_cadre,31427.0,0.06,22157.0
796,34,6,non_cadre,22451.0,0.06,8210.0
797,63,26,non_cadre,30439.0,0.06,40905.0
798,41,18,non_cadre,25183.0,0.06,23881.0
799,35,13,non_cadre,24224.0,0.06,19134.0
800,41,12,non_cadre,26473.0,0.06,16961.0
801,22,0,non_cadre,23977.0,0.06,0.0
802,34,11,non_cadre,33870.0,0.06,23393.0
803,44,13,non_cadre,29009.0,0.06,18614.0
804,61,27,non_cadre,35313.0,0.06,53955.0
805,53,9,non_cadre,27454.0,0.06,16951.0
806,55,4,non_cadre,27662.0,0.06,6048.0
807,45,12,non_cadre,43636.0,0.06,34179.0
808,26,4,non_cadre,21684.0,0.06,4359.0
809,38,14,cadre,59258.0,0.1,97248.0
810,64,11,non_cadre,41767.0,0.06,27008.0
811,23,1,non_cadre,34965.0,0.06,2091.0
812,59,19,cadre,60128.0,0.1,117434.0
813,51,8,non_cadre,39908.0,0.06,18109.0
814,34,12,non_cadre,28130.0,0.06,22079.0
815,55,17,non_cadre,26051.0,0.06,21413.0
816,57,1,non_cadre,27759.0,0.06,1440.0
817,23,1,non_cadre,26767.0,0.06,1406.0
818,26,4,cadre,42119.0,0.1,17760.0
819,50,11,non_cadre,37457.0,0.06,28584.0
820,64,17,non_cadre,25700.0,0.06,21639.0
821,23,1,non_cadre,29823.0,0.06,2042.0
822,50,21,non_cadre,22476.0,0.06,31939.0
823,27,5,non_cadre,30185.0,0.06,7522.0
824,49,4,cadre,71744.0,0.1,24602.0
825,48,15,non_cadre,23691.0,0.06,20043.0
826,25,3,cadre,43914.0,0.1,11144.0
827,51,4,non_cadre,37062.0,0.06,9814.0
828,60,20,cadre,56048.0,0.1,112278.0
829,59,3,non_cadre,33216.0,0.06,5765.0
830,23,1,non_cadre,29231.0,0.06,1912.0
831,32,9,non_cadre,28052.0,0.06,13893.0
832,32,4,non_cadre,35143.0,0.06,9688.0
833,41,19,non_cadre,26804.0,0.06,32438.0
834,28,6,non_cadre,35449.0,0.06,11978.0
835,58,7,non_cadre,38413.0,0.06,16391.0
836,55,25,cadre,50733.0,0.1,114629.0
837,56,26,non_cadre,26110.0,0.06,48633.0
838,30,1,non_cadre,26898.0,0.06,1572.0
839,22,0,non_cadre,22372.0,0.06,0.0
840,61,21,cadre,57838.0,0.1,144684.0
841,34,12,non_cadre,38919.0,0.06,28423.0
842,50,28,non_cadre,24339.0,0.06,44651.0
843,61,16,non_cadre,39104.0,0.06,38625.0
844,23,0,non_cadre,27509.0,0.06,0.0
845,22,0,non_cadre,45787.0,0.06,0.0
846,22,0,non_cadre,26176.0,0.06,0.0
847,28,3,non_cadre,29148.0,0.06,6074.0
848,24,2,cadre,38089.0,0.1,8092.0
849,57,18,cadre,41281.0,0.1,62571.0
850,48,1,non_cadre,39206.0,0.06,2274.0
851,64,5,non_cadre,32987.0,0.06,8692.0
852,56,17,non_cadre,36854.0,0.06,32627.0
853,63,7,cadre,50383.0,0.1,38302.0
854,32,10,non_cadre,34198.0,0.06,16661.0
855,34,12,cadre,65682.0,0.1,93515.0
856,58,17,non_cadre,22960.0,0.06,22950.0
857,32,10,non_cadre,31467.0,0.06,18803.0
858,24,2,non_cadre,31403.0,0.06,3466.0
859,50,10,non_cadre,30322.0,0.06,15178.0
860,56,20,non_cadre,34630.0,0.06,43023.0
861,63,15,non_cadre,35727.0,0.06,30158.0
862,61,17,cadre,58577.0,0.1,104523.0
863,27,5,non_cadre,23644.0,0.06,7251.0
864,55,6,non_cadre,40512.0,0.06,12933.0
865,58,27,non_cadre,43714.0,0.06,69730.0
866,52,16,non_cadre,27881.0,0.06,24711.0
867,57,21,non_cadre,21488.0,0.06,24256.0
868,58,26,non_cadre,22748.0,0.06,39315.0
869,41,19,cadre,80985.0,0.1,123830.0
870,23,1,cadre,64276.0,0.1,5833.0
871,41,19,non_cadre,30103.0,0.06,34744.0
872,30,8,non_cadre,26516.0,0.06,12606.0
873,26,4,cadre,71147.0,0.1,33469.0
874,27,5,cadre,42063.0,0.1,23923.0
875,51,21,cadre,54157.0,0.1,125176.0
876,43,2,non_cadre,29453.0,0.06,3554.0
877,45,23,non_cadre,45657.0,0.06,61215.0
878,54,7,cadre,56315.0,0.1,32113.0
879,45,19,non_cadre,35417.0,0.06,45570.0
880,49,0,non_cadre,28582.0,0.06,0.0
881,25,3,non_cadre,24119.0,0.06,4031.0
882,58,29,cadre,29108.0,0.1,88014.0
883,41,19,non_cadre,22813.0,0.06,28651.0
884,28,6,non_cadre,35991.0,0.06,13076.0
885,56,3,non_cadre,27777.0,0.06,4299.0
886,53,24,cadre,64006.0,0.1,179523.0
887,24,2,non_cadre,30827.0,0.06,3126.0
888,30,5,cadre,59434.0,0.1,35299.0
889,22,0,non_cadre,23743.0,0.06,0.0
890,33,8,cadre,58963.0,0.1,55597.0
891,26,4,non_cadre,28716.0,0.06,8035.0
892,52,12,non_cadre,35932.0,0.06,24901.0
893,44,3,non_cadre,26000.0,0.06,5242.0
894,64,9,non_cadre,33934.0,0.06,15317.0
895,54,16,cadre,28216.0,0.1,37611.0
896,48,23,non_cadre,31681.0,0.06,41201.0
897,43,0,cadre,52299.0,0.1,0.0
898,24,2,non_cadre,33635.0,0.06,3244.0
899,25,3,non_cadre,43852.0,0.06,7941.0
900,48,26,cadre,82359.0,0.1,254874.0
901,22,0,non_cadre,34508.0,0.06,0.0
902,23,1,cadre,43807.0,0.1,3912.0
903,31,2,cadre,46240.0,0.1,9352.0
904,60,23,non_cadre,23560.0,0.06,28239.0
905,41,5,non_cadre,38651.0,0.06,10497.0
906,52,4,non_cadre,24521.0,0.06,6881.0
907,39,14,non_cadre,34826.0,0.06,35079.0
908,29,7,non_cadre,32603.0,0.06,12283.0
909,37,15,non_cadre,36045.0,0.06,28704.0
910,25,3,cadre,66157.0,0.1,18925.0
911,55,5,non_cadre,25612.0,0.06,7517.0
912,29,7,cadre,47374.0,0.1,27713.0
913,38,16,non_cadre,28296.0,0.06,23336.0
914,64,4,non_cadre,23453.0,0.06,5459.0
915,47,15,non_cadre,44208.0,0.06,35576.0
916,41,0,non_cadre,25608.0,0.06,0.0
917,45,9,non_cadre,24593.0,0.06,14616.0
918,55,7,non_cadre,28582.0,0.06,12179.0
919,32,10,non_cadre,38543.0,0.06,22503.0
920,49,27,non_cadre,19450.0,0.06,35681.0
921,59,4,non_cadre,37908.0,0.06,7882.0
922,46,23,cadre,71084.0,0.1,188827.0
923,41,19,non_cadre,31630.0,0.06,29554.0
924,28,6,non_cadre,26206.0,0.06,11032.0
925,32,10,non_cadre,44682.0,0.06,22936.0
926,62,3,cadre,51643.0,0.1,17427.0
927,45,22,non_cadre,26039.0,0.06,27745.0
928,34,12,non_cadre,28247.0,0.06,22901.0
929,39,3,non_cadre,30543.0,0.06,5683.0
930,46,7,cadre,62729.0,0.1,35463.0
931,45,23,non_cadre,32752.0,0.06,50155.0
932,52,16,cadre,44342.0,0.1,59640.0
933,33,10,non_cadre,22777.0,0.06,13884.0
934,49,9,cadre,40317.0,0.1,33847.0
935,41,19,non_cadre,33870.0,0.06,42615.0
936,62,8,non_cadre,26238.0,0.06,14374.0
937,28,4,cadre,45467.0,0.1,17927.0
938,28,6,non_cadre,30191.0,0.06,11990.0
939,41,19,non_cadre,28722.0,0.06,38200.0
940,43,5,non_cadre,38093.0,0.06,12293.0
941,51,7,non_cadre,21191.0,0.06,8266.0
942,39,14,non_cadre,26210.0,0.06,21693.0
943,61,5,cadre,45623.0,0.1,20348.0
944,42,19,non_cadre,43259.0,0.06,48495.0
945,27,5,cadre,56658.0,0.1,25450.0
946,27,3,non_cadre,30304.0,0.06,6125.0
947,63,7,cadre,54110.0,0.1,39542.0
948,27,5,non_cadre,35328.0,0.06,11163.0
949,62,28,non_cadre,38714.0,0.06,54900.0
950,33,11,non_cadre,31939.0,0.06,16876.0
951,26,4,non_cadre,36105.0,0.06,9668.0
952,35,13,non_cadre,32889.0,0.06,26088.0
953,48,5,non_cadre,33303.0,0.06,11716.0
954,40,18,cadre,57701.0,0.1,105409.0
955,55,20,non_cadre,28088.0,0.06,29859.0
956,48,21,non_cadre,27022.0,0.06,36751.0
957,39,6,non_cadre,23651.0,0.06,9199.0
958,49,21,cadre,54522.0,0.1,94598.0
959,63,18,non_cadre,27563.0,0.06,32074.0
960,39,17,non_cadre,28458.0,0.06,25689.0
961,28,5,cadre,39205.0,0.1,17678.0
962,39,17,cadre,30772.0,0.1,42507.0
963,58,24,non_cadre,31150.0,0.06,47141.0
964,31,8,non_cadre,28497.0,0.06,14946.0
965,62,22,non_cadre,24982.0,0.06,29421.0
966,47,2,cadre,81487.0,0.1,18204.0
967,47,21,non_cadre,29395.0,0.06,40920.0
968,35,13,non_cadre,27507.0,0.06,20681.0
969,61,5,non_cadre,28902.0,0.06,7173.0
970,23,1,non_cadre,25911.0,0.06,1418.0
971,34,12,non_cadre,26979.0,0.06,16825.0
972,39,7,cadre,49150.0,0.1,40719.0
973,42,14,non_cadre,28325.0,0.06,26817.0
974,42,1,non_cadre,34204.0,0.06,1706.0
975,28,6,non_cadre,32545.0,0.06,11779.0
976,31,9,cadre,47800.0,0.1,39009.0
977,26,4,non_cadre,38227.0,0.06,7457.0
978,46,4,non_cadre,44366.0,0.06,9891.0
979,37,6,cadre,37156.0,0.1,18973.0
980,46,18,non_cadre,33442.0,0.06,32112.0
981,47,18,non_cadre,27214.0,0.06,27352.0
982,52,23,non_cadre,35389.0,0.06,47057.0
983,45,23,non_cadre,26311.0,0.06,35851.0
984,49,24,non_cadre,22356.0,0.06,32453.0
985,47,4,non_cadre,40710.0,0.06,9262.0
986,50,9,non_cadre,23368.0,0.06,12610.0
987,48,26,cadre,44994.0,0.1,113141.0
988,35,13,non_cadre,25157.0,0.06,23268.0
989,32,10,non_cadre,37582.0,0.06,18649.0
990,55,16,non_cadre,38621.0,0.06,38351.0
991,36,1,cadre,52998.0,0.1,4650.0
992,45,14,non_cadre,38493.0,0.06,30723.0
993,30,8,non_cadre,30044.0,0.06,14689.0
994,40,18,non_cadre,46901.0,0.06,55917.0
995,44,3,non_cadre,34828.0,0.06,7467.0
996,48,6,non_cadre,25055.0,0.06,8997.0
997,44,22,non_cadre,30421.0,0.06,36252.0
998,37,15,non_cadre,29099.0,0.06,29244.0
999,63,22,non_cadre,28534.0,0.06,33470.0
1000,44,2,non_cadre,21537.0,0.06,2593.0
1001,56,18,non_cadre,32413.0,0.06,39861.0
1002,53,24,cadre,61055.0,0.1,140893.0
1003,46,19,non_cadre,18104.0,0.06,21109.0
1004,60,17,cadre,75575.0,0.1,108926.0
1005,27,5,cadre,51559.0,0.1,21201.0
1006,61,7,non_cadre,25252.0,0.06,12669.0
1007,58,8,non_cadre,16128.0,0.06,6747.0
1008,43,21,non_cadre,25306.0,0.06,29788.0
1009,53,2,non_cadre,28976.0,0.06,3484.0
1010,44,2,non_cadre,26426.0,0.06,3012.0
1011,33,11,non_cadre,32416.0,0.06,17949.0
1012,56,23,non_cadre,39636.0,0.06,48066.0
1013,32,10,cadre,58932.0,0.1,58778.0
1014,35,13,non_cadre,36836.0,0.06,28029.0
1015,44,16,cadre,34598.0,0.1,61960.0
1016,58,3,cadre,67143.0,0.1,18626.0
1017,38,9,cadre,27577.0,0.1,29191.0
1018,43,2,non_cadre,36607.0,0.06,4011.0
1019,23,1,non_cadre,27495.0,0.06,1538.0
1020,26,4,non_cadre,25612.0,0.06,7252.0
1021,24,2,non_cadre,33357.0,0.06,4548.0
1022,25,3,non_cadre,22306.0,0.06,3721.0
1023,59,9,cadre,33856.0,0.1,29194.0
1024,58,26,non_cadre,26255.0,0.06,46565.0
1025,57,14,non_cadre,32829.0,0.06,23011.0
1026,24,2,non_cadre,31343.0,0.06,3452.0
1027,25,3,cadre,38180.0,0.1,11599.0
1028,34,12,cadre,47269.0,0.1,64185.0
1029,46,15,non_cadre,24683.0,0.06,22789.0
1030,36,8,cadre,40151.0,0.1,31989.0
1031,42,20,non_cadre,25571.0,0.06,36357.0
1032,29,7,non_cadre,26589.0,0.06,9454.0
1033,53,23,cadre,45257.0,0.1,115752.0
1034,35,13,cadre,45686.0,0.1,50531.0
1035,24,2,non_cadre,40832.0,0.06,5356.0
1036,53,2,non_cadre,24418.0,0.06,2981.0
1037,60,17,non_cadre,36801.0,0.06,34003.0
1038,22,0,non_cadre,29646.0,0.06,0.0
1039,40,13,cadre,47534.0,0.1,71172.0
1040,57,7,non_cadre,25085.0,0.06,10418.0
1041,52,11,non_cadre,24777.0,0.06,13125.0
1042,58,11,cadre,55214.0,0.1,49964.0
1043,39,10,non_cadre,32626.0,0.06,20614.0
1044,38,16,non_cadre,43423.0,0.06,44653.0
1045,52,17,non_cadre,22533.0,0.06,22081.0
1046,28,6,non_cadre,27228.0,0.06,8794.0
1047,32,3,non_cadre,25078.0,0.06,4904.0
1048,47,17,cadre,41373.0,0.1,64824.0
1049,50,5,non_cadre,30578.0,0.06,7610.0
1050,27,5,non_cadre,30009.0,0.06,8677.0
1051,43,12,non_cadre,20873.0,0.06,15264.0
1052,37,4,non_cadre,30109.0,0.06,8572.0
1053,43,11,non_cadre,23573.0,0.06,16132.0
1054,63,8,cadre,51864.0,0.1,36650.0
1055,25,3,cadre,62042.0,0.1,21086.0
1056,64,25,cadre,59225.0,0.1,135713.0
1057,41,0,cadre,44889.0,0.1,0.0
1058,55,18,non_cadre,26989.0,0.06,27111.0
1059,40,18,non_cadre,30404.0,0.06,38215.0
1060,35,11,non_cadre,33577.0,0.06,25520.0
1061,55,14,non_cadre,32918.0,0.06,31677.0
1062,51,23,non_cadre,29411.0,0.06,33109.0
1063,28,6,cadre,39612.0,0.1,27093.0
1064,52,1,non_cadre,23055.0,0.06,1506.0
1065,54,11,non_cadre,25902.0,0.06,15962.0
1066,38,7,non_cadre,34560.0,0.06,14458.0
1067,61,11,non_cadre,35503.0,0.06,24743.0
1068,49,6,cadre,45798.0,0.1,32354.0
1069,36,4,non_cadre,40326.0,0.06,10763.0
1070,22,0,cadre,57800.0,0.1,0.0
1071,51,3,non_cadre,28633.0,0.06,5454.0
1072,30,8,cadre,46368.0,0.1,32433.0
1073,54,21,cadre,49038.0,0.1,99847.0
1074,44,18,cadre,75394.0,0.1,151522.0
1075,42,20,non_cadre,42985.0,0.06,53781.0
1076,29,0,non_cadre,46273.0,0.06,0.0
1077,52,9,non_cadre,23192.0,0.06,12573.0
1078,29,5,non_cadre,23204.0,0.06,6627.0
1079,39,17,cadre,56148.0,0.1,104712.0
1080,57,19,non_cadre,36049.0,0.06,34418.0
1081,61,26,cadre,71660.0,0.1,221985.0
1082,64,11,cadre,67464.0,0.1,87520.0
1083,63,7,non_cadre,23476.0,0.06,11360.0
1084,45,23,cadre,51048.0,0.1,135458.0
1085,30,8,cadre,48721.0,0.1,39149.0
1086,58,22,non_cadre,35084.0,0.06,46273.0
1087,56,13,non_cadre,31683.0,0.06,27877.0
1088,64,13,cadre,53564.0,0.1,63596.0
1089,49,11,non_cadre,29264.0,0.06,22018.0
1090,28,6,non_cadre,37996.0,0.06,12042.0
1091,43,6,cadre,56778.0,0.1,39233.0
1092,41,19,cadre,54737.0,0.1,105709.0
1093,58,5,non_cadre,39608.0,0.06,13514.0
1094,38,13,non_cadre,38333.0,0.06,29818.0
1095,36,9,non_cadre,32927.0,0.06,18552.0
1096,25,3,non_cadre,31732.0,0.06,6687.0
1097,57,20,cadre,39396.0,0.1,76214.0
1098,54,27,non_cadre,21640.0,0.06,31134.0
1099,23,1,non_cadre,38453.0,0.06,1930.0
1100,40,7,cadre,61461.0,0.1,44571.0
1101,42,6,non_cadre,37346.0,0.06,14042.0
1102,42,20,cadre,45604.0,0.1,95612.0
1103,61,14,non_cadre,23397.0,0.06,16015.0
1104,28,2,non_cadre,27164.0,0.06,2643.0
1105,35,13,non_cadre,36802.0,0.06,33246.0
1106,29,7,non_cadre,28765.0,0.06,13026.0
1107,32,0,non_cadre,26494.0,0.06,0.0
1108,61,23,cadre,45737.0,0.1,87297.0
1109,62,18,non_cadre,34112.0,0.06,31858.0
1110,23,1,non_cadre,42577.0,0.06,2868.0
1111,49,25,cadre,38743.0,0.1,105501.0
1112,32,10,non_cadre,52527.0,0.06,33264.0
1113,30,8,non_cadre,31248.0,0.06,15844.0
1114,34,12,non_cadre,33691.0,0.06,27740.0
1115,30,5,non_cadre,27493.0,0.06,7698.0
1116,43,4,non_cadre,29979.0,0.06,6683.0
1117,64,25,non_cadre,31178.0,0.06,45372.0
1118,47,6,cadre,45456.0,0.1,32616.0
1119,53,15,non_cadre,25535.0,0.06,23486.0
1120,43,8,cadre,43897.0,0.1,35776.0
1121,22,0,cadre,73593.0,0.1,0.0
1122,25,3,non_cadre,32766.0,0.06,5138.0
1123,33,11,non_cadre,27857.0,0.06,17690.0
1124,32,10,non_cadre,24756.0,0.06,15693.0
1125,58,4,cadre,90539.0,0.1,43285.0
1126,58,7,non_cadre,24786.0,0.06,8971.0
1127,58,4,cadre,68356.0,0.1,26818.0
1128,49,26,cadre,44777.0,0.1,135307.0
1129,45,9,non_cadre,25726.0,0.06,15145.0
1130,49,11,cadre,52163.0,0.1,59991.0
1131,39,2,non_cadre,30947.0,0.06,3353.0
1132,50,13,non_cadre,31442.0,0.06,21456.0
1133,56,27,non_cadre,29266.0,0.06,45025.0
1134,54,12,non_cadre,26069.0,0.06,16931.0
1135,48,19,non_cadre,34120.0,0.06,43696.0
1136,24,2,cadre,62080.0,0.1,13512.0
1137,53,4,non_cadre,27169.0,0.06,7395.0
1138,37,15,cadre,68381.0,0.1,89076.0
1139,53,1,cadre,52956.0,0.1,4893.0
1140,45,13,non_cadre,37322.0,0.06,32238.0
1141,59,9,cadre,31475.0,0.1,24515.0
1142,36,0,cadre,47363.0,0.1,0.0
1143,62,15,cadre,57062.0,0.1,81589.0
1144,58,28,non_cadre,29996.0,0.06,44073.0
1145,36,2,non_cadre,29618.0,0.06,2956.0
1146,42,20,non_cadre,28570.0,0.06,31716.0
1147,44,16,non_cadre,19449.0,0.06,21476.0
1148,55,21,non_cadre,34638.0,0.06,35902.0
1149,51,2,non_cadre,31503.0,0.06,3880.0
1150,58,26,non_cadre,35386.0,0.06,56593.0
1151,37,0,non_cadre,29306.0,0.06,0.0
1152,43,21,non_cadre,34266.0,0.06,43270.0
1153,40,18,non_cadre,22776.0,0.06,19848.0
1154,61,10,non_cadre,23744.0,0.06,11668.0
1155,35,0,non_cadre,18283.0,0.06,0.0
1156,47,18,cadre,81052.0,0.1,173223.0
1157,27,2,non_cadre,25705.0,0.06,2971.0
1158,58,18,cadre,56622.0,0.1,100791.0
1159,38,16,cadre,46901.0,0.1,89512.0
1160,36,8,non_cadre,27553.0,0.06,14702.0
1161,47,7,non_cadre,22524.0,0.06,10482.0
1162,43,6,non_cadre,49906.0,0.06,18000.0
1163,58,6,non_cadre,29779.0,0.06,12427.0
1164,44,3,non_cadre,24157.0,0.06,4489.0
1165,44,7,non_cadre,26239.0,0.06,11711.0
1166,26,4,non_cadre,28979.0,0.06,7755.0
1167,22,0,non_cadre,28967.0,0.06,0.0
1168,39,17,non_cadre,38925.0,0.06,46902.0
1169,64,24,non_cadre,29527.0,0.06,50819.0
1170,61,22,non_cadre,43477.0,0.06,59390.0
1171,49,16,non_cadre,27514.0,0.06,23477.0
1172,49,9,non_cadre,32671.0,0.06,19582.0
1173,38,16,non_cadre,36804.0,0.06,32818.0
1174,29,6,non_cadre,38101.0,0.06,14139.0
1175,22,0,non_cadre,39000.0,0.06,0.0
1176,36,13,non_cadre,28412.0,0.06,24886.0
1177,35,13,non_cadre,29967.0,0.06,27667.0
1178,30,8,non_cadre,18271.0,0.06,7347.0
1179,33,11,non_cadre,28847.0,0.06,20803.0
1180,23,1,non_cadre,37317.0,0.06,2562.0
1181,48,11,cadre,52968.0,0.1,49164.0
1182,61,26,non_cadre,29486.0,0.06,41339.0
1183,51,5,non_cadre,42141.0,0.06,12096.0
1184,41,19,non_cadre,27782.0,0.06,35938.0
1185,40,5,cadre,69025.0,0.1,34422.0
1186,35,13,non_cadre,27319.0,0.06,18214.0
1187,28,6,non_cadre,23968.0,0.06,7788.0
1188,47,25,non_cadre,33977.0,0.06,50300.0
1189,46,3,non_cadre,31782.0,0.06,4666.0
1190,22,0,non_cadre,33892.0,0.06,0.0
1191,39,17,non_cadre,27614.0,0.06,22818.0
1192,33,1,cadre,26943.0,0.1,2997.0
1193,29,7,cadre,49643.0,0.1,38001.0
1194,52,2,non_cadre,32344.0,0.06,4449.0
1195,44,9,cadre,78087.0,0.1,60656.0
1196,49,11,non_cadre,24073.0,0.06,16540.0
1197,52,18,non_cadre,29379.0,0.06,35296.0
1198,64,7,cadre,48991.0,0.1,34510.0
1199,56,4,non_cadre,42694.0,0.06,8733.0
1200,48,5,non_cadre,24263.0,0.06,6111.0
1201,59,28,non_cadre,32056.0,0.06,56135.0
1202,42,20,non_cadre,24120.0,0.06,28916.0
1203,64,6,non_cadre,26833.0,0.06,11320.0
1204,54,5,cadre,67275.0,0.1,38129.0
1205,49,1,cadre,75669.0,0.1,8244.0
1206,60,28,non_cadre,29964.0,0.06,60053.0
1207,44,21,non_cadre,32064.0,0.06,43546.0
1208,52,22,non_cadre,27179.0,0.06,30026.0
1209,34,8,cadre,52693.0,0.1,35031.0
1210,63,19,non_cadre,28222.0,0.06,36238.0
1211,48,1,cadre,52364.0,0.1,4945.0
1212,55,20,non_cadre,32248.0,0.06,45265.0
1213,41,17,non_cadre,31393.0,0.06,27131.0
1214,59,9,non_cadre,34125.0,0.06,16207.0
1215,25,3,cadre,40863.0,0.1,13598.0
1216,26,4,cadre,40480.0,0.1,18443.0
1217,43,13,non_cadre,28110.0,0.06,25146.0
1218,53,5,non_cadre,24226.0,0.06,6102.0
1219,56,0,cadre,51966.0,0.1,0.0
1220,40,18,non_cadre,21479.0,0.06,24556.0
1221,49,8,non_cadre,42681.0,0.06,23919.0
1222,45,9,cadre,61062.0,0.1,49219.0
1223,63,20,non_cadre,38090.0,0.06,47543.0
1224,50,7,cadre,35479.0,0.1,21294.0
1225,39,11,non_cadre,38034.0,0.06,27585.0
1226,63,21,cadre,59501.0,0.1,106335.0
1227,26,4,non_cadre,28622.0,0.06,8243.0
1228,64,19,non_cadre,40125.0,0.06,38282.0
1229,28,0,non_cadre,34600.0,0.06,0.0
1230,34,12,non_cadre,28043.0,0.06,22428.0
1231,57,14,non_cadre,20340.0,0.06,15432.0
1232,53,18,non_cadre,23028.0,0.06,22431.0
1233,63,4,non_cadre,39608.0,0.06,9872.0
1234,54,4,cadre,55642.0,0.1,23418.0
1235,49,22,non_cadre,29572.0,0.06,42478.0
1236,36,14,cadre,54898.0,0.1,79326.0
1237,22,0,non_cadre,23118.0,0.06,0.0
1238,27,5,non_cadre,32546.0,0.06,11420.0
1239,34,12,non_cadre,27585.0,0.06,17213.0
1240,23,1,non_cadre,31815.0,0.06,1959.0
1241,43,19,non_cadre,26725.0,0.06,35585.0
1242,55,4,cadre,57730.0,0.1,26907.0
1243,63,27,cadre,66428.0,0.1,155530.0
1244,43,9,non_cadre,34102.0,0.06,16490.0
1245,59,24,cadre,45010.0,0.1,112425.0
1246,64,9,cadre,76699.0,0.1,64533.0
1247,58,23,non_cadre,35903.0,0.06,54122.0
1248,41,13,non_cadre,28803.0,0.06,22668.0
1249,35,1,non_cadre,30340.0,0.06,1650.0
1250,64,5,non_cadre,27255.0,0.06,7886.0
1251,32,10,non_cadre,36326.0,0.06,23462.0
1252,39,5,cadre,68686.0,0.1,38260.0
1253,25,3,non_cadre,26838.0,0.06,4579.0
1254,56,16,non_cadre,22273.0,0.06,18004.0
1255,49,7,non_cadre,37419.0,0.06,14794.0
1256,25,3,non_cadre,25852.0,0.06,4896.0
1257,31,9,non_cadre,30436.0,0.06,18144.0
1258,45,20,cadre,74232.0,0.1,171010.0
1259,45,21,non_cadre,35216.0,0.06,52571.0
1260,56,28,cadre,73989.0,0.1,209603.0
1261,33,3,non_cadre,26939.0,0.06,5586.0
1262,61,12,cadre,41300.0,0.1,44843.0
1263,41,7,cadre,60140.0,0.1,43102.0
1264,57,27,non_cadre,32278.0,0.06,53114.0
1265,32,10,non_cadre,44942.0,0.06,29863.0
1266,23,1,non_cadre,28374.0,0.06,1888.0
1267,24,2,cadre,74394.0,0.1,13601.0
1268,38,1,non_cadre,25042.0,0.06,1734.0
1269,62,8,cadre,38126.0,0.1,35277.0
1270,24,2,cadre,50463.0,0.1,11902.0
1271,37,15,non_cadre,36809.0,0.06,32567.0
1272,26,4,cadre,39906.0,0.1,19075.0
1273,62,17,non_cadre,33479.0,0.06,38040.0
1274,51,25,cadre,66069.0,0.1,175293.0
1275,54,16,cadre,55191.0,0.1,85913.0
1276,52,1,non_cadre,29919.0,0.06,2041.0
1277,50,2,cadre,50105.0,0.1,11080.0
1278,55,23,non_cadre,27768.0,0.06,39631.0
1279,22,0,non_cadre,25308.0,0.06,0.0
1280,59,11,cadre,68628.0,0.1,67925.0
1281,53,0,non_cadre,24324.0,0.06,0.0
1282,53,9,non_cadre,28440.0,0.06,14259.0
1283,38,16,non_cadre,32145.0,0.06,30339.0
1284,56,5,cadre,54204.0,0.1,25356.0
1285,38,13,non_cadre,29944.0,0.06,21811.0
1286,24,2,non_cadre,28580.0,0.06,3261.0
1287,61,2,non_cadre,31688.0,0.06,3128.0
1288,32,1,non_cadre,19816.0,0.06,970.0
1289,26,4,non_cadre,23605.0,0.06,6175.0
1290,48,24,non_cadre,27830.0,0.06,37044.0
1291,32,10,non_cadre,26013.0,0.06,12619.0
1292,58,19,non_cadre,21781.0,0.06,20674.0
1293,41,1,non_cadre,35615.0,0.06,1877.0
1294,22,0,non_cadre,31600.0,0.06,0.0
1295,62,2,cadre,56100.0,0.1,13222.0
1296,44,21,non_cadre,26112.0,0.06,33801.0
1297,33,4,non_cadre,30480.0,0.06,7005.0
1298,51,25,non_cadre,33251.0,0.06,50529.0
1299,44,8,non_cadre,28452.0,0.06,11542.0
1300,23,1,non_cadre,32790.0,0.06,2126.0
1301,54,10,cadre,67894.0,0.1,80647.0
1302,39,0,non_cadre,30591.0,0.06,0.0
1303,52,4,non_cadre,37701.0,0.06,7791.0
1304,60,17,cadre,48113.0,0.1,86002.0
1305,48,9,non_cadre,39123.0,0.06,18185.0
1306,50,10,cadre,56142.0,0.1,47744.0
1307,32,10,non_cadre,30190.0,0.06,19349.0
1308,32,3,non_cadre,27425.0,0.06,5171.0
1309,39,11,non_cadre,20899.0,0.06,12236.0
1310,58,5,non_cadre,22925.0,0.06,7767.0
1311,44,14,cadre,68232.0,0.1,80441.0
1312,36,9,non_cadre,29357.0,0.06,14791.0
1313,55,1,non_cadre,39791.0,0.06,2616.0
1314,58,2,cadre,46773.0,0.1,9781.0
1315,60,25,non_cadre,26151.0,0.06,40797.0
1316,34,1,non_cadre,35335.0,0.06,2278.0
1317,52,23,non_cadre,27270.0,0.06,39837.0
1318,47,25,non_cadre,34388.0,0.06,59304.0
1319,41,13,non_cadre,35248.0,0.06,28250.0
1320,39,9,non_cadre,38460.0,0.06,19948.0
1321,26,4,cadre,46383.0,0.1,20528.0
1322,33,11,non_cadre,36747.0,0.06,21917.0
1323,45,3,non_cadre,20628.0,0.06,4099.0
1324,60,28,cadre,51162.0,0.1,130646.0
1325,59,28,non_cadre,29850.0,0.06,49754.0
1326,30,4,cadre,45441.0,0.1,19915.0
1327,51,1,non_cadre,19960.0,0.06,1259.0
1328,25,3,non_cadre,27756.0,0.06,4168.0
1329,51,2,non_cadre,39342.0,0.06,4620.0
1330,36,14,cadre,82359.0,0.1,129686.0
1331,41,1,non_cadre,34601.0,0.06,2489.0
1332,52,20,non_cadre,30208.0,0.06,35768.0
1333,40,6,non_cadre,37104.0,0.06,11145.0
1334,56,2,non_cadre,31171.0,0.06,3540.0
1335,44,1,non_cadre,24899.0,0.06,1488.0
1336,64,5,non_cadre,30341.0,0.06,7549.0
1337,49,16,non_cadre,41324.0,0.06,45451.0
1338,34,2,non_cadre,33140.0,0.06,4039.0
1339,55,24,cadre,50448.0,0.1,117013.0
1340,39,17,non_cadre,47103.0,0.06,46069.0
1341,44,8,non_cadre,37828.0,0.06,14732.0
1342,27,5,non_cadre,35323.0,0.06,10677.0
1343,27,5,non_cadre,31966.0,0.06,9496.0
1344,46,20,non_cadre,34718.0,0.06,39093.0
1345,30,5,non_cadre,34944.0,0.06,11149.0
1346,64,21,non_cadre,19388.0,0.06,23560.0
1347,58,16,non_cadre,32466.0,0.06,32062.0
1348,52,29,non_cadre,29051.0,0.06,58334.0
1349,53,14,non_cadre,27146.0,0.06,21561.0
1350,47,20,non_cadre,28850.0,0.06,33206.0
1351,24,2,non_cadre,21978.0,0.06,3023.0
1352,38,1,non_cadre,20911.0,0.06,1183.0
1353,43,3,non_cadre,38494.0,0.06,6761.0
1354,61,26,non_cadre,32905.0,0.06,57508.0
1355,31,9,non_cadre,18515.0,0.06,10365.0
1356,43,10,non_cadre,26734.0,0.06,18824.0
1357,36,14,non_cadre,35777.0,0.06,29700.0
1358,27,0,non_cadre,28366.0,0.06,0.0
1359,26,1,non_cadre,38482.0,0.06,1887.0
1360,37,15,non_cadre,37009.0,0.06,29275.0
1361,25,3,non_cadre,22871.0,0.06,4183.0
1362,24,2,non_cadre,29152.0,0.06,3060.0
1363,37,15,non_cadre,27428.0,0.06,24227.0
1364,30,7,cadre,46840.0,0.1,29946.0
1365,45,23,non_cadre,22429.0,0.06,25019.0
1366,22,0,non_cadre,25534.0,0.06,0.0
1367,34,12,non_cadre,26391.0,0.06,20113.0
1368,41,5,cadre,36840.0,0.1,17228.0
1369,63,0,non_cadre,36968.0,0.06,0.0
1370,49,1,non_cadre,33246.0,0.06,1712.0
1371,59,29,non_cadre,34858.0,0.06,50737.0
1372,36,2,cadre,47433.0,0.1,11137.0
1373,41,19,non_cadre,33845.0,0.06,45091.0
1374,40,18,non_cadre,29123.0,0.06,30277.0
1375,60,4,non_cadre,27465.0,0.06,6380.0
1376,63,25,cadre,45537.0,0.1,129828.0
1377,63,4,non_cadre,18823.0,0.06,4573.0
1378,54,4,non_cadre,20626.0,0.06,4192.0
1379,43,17,non_cadre,32386.0,0.06,27945.0
1380,45,8,non_cadre,28452.0,0.06,11642.0
1381,64,8,non_cadre,22506.0,0.06,12016.0
1382,34,5,non_cadre,24295.0,0.06,7586.0
1383,36,14,non_cadre,24936.0,0.06,19269.0
1384,60,0,non_cadre,35862.0,0.06,0.0
1385,38,7,cadre,57425.0,0.1,34143.0
1386,32,10,non_cadre,41642.0,0.06,27398.0
1387,46,14,non_cadre,21832.0,0.06,21169.0
1388,35,13,cadre,38492.0,0.1,50662.0
1389,60,6,non_cadre,22513.0,0.06,8989.0
1390,61,19,cadre,90382.0,0.1,156829.0
1391,35,13,cadre,65647.0,0.1,88265.0
1392,44,11,non_cadre,30485.0,0.06,19621.0
1393,64,7,non_cadre,31410.0,0.06,11017.0
1394,53,16,cadre,41366.0,0.1,65851.0
1395,31,9,non_cadre,23974.0,0.06,14742.0
1396,47,2,non_cadre,33243.0,0.06,3274.0
1397,48,16,non_cadre,28904.0,0.06,27494.0
1398,50,4,cadre,37125.0,0.1,17067.0
1399,23,1,non_cadre,33651.0,0.06,2253.0
1400,34,12,non_cadre,27551.0,0.06,19785.0
1401,58,16,cadre,48150.0,0.1,66912.0
1402,32,10,cadre,68324.0,0.1,77849.0
1403,34,9,cadre,45126.0,0.1,34978.0
1404,35,13,non_cadre,31350.0,0.06,22270.0
1405,29,7,cadre,63840.0,0.1,37972.0
1406,28,6,non_cadre,31996.0,0.06,11330.0
1407,36,14,non_cadre,32205.0,0.06,28450.0
1408,59,19,cadre,52705.0,0.1,113242.0
1409,22,0,non_cadre,36906.0,0.06,0.0
1410,34,12,cadre,74184.0,0.1,105782.0
1411,24,2,cadre,49268.0,0.1,10231.0
1412,46,12,non_cadre,21247.0,0.06,15937.0
1413,32,2,non_cadre,29289.0,0.06,3058.0
1414,56,0,non_cadre,28396.0,0.06,0.0
1415,47,7,non_cadre,40076.0,0.06,17348.0
1416,55,1,cadre,48557.0,0.1,5285.0
1417,49,6,non_cadre,33879.0,0.06,10756.0
1418,40,3,cadre,59689.0,0.1,17792.0
1419,59,29,non_cadre,27962.0,0.06,45855.0
1420,42,2,non_cadre,25328.0,0.06,2965.0
1421,62,18,non_cadre,49220.0,0.06,47249.0
1422,64,10,non_cadre,26255.0,0.06,13489.0
1423,47,5,non_cadre,30443.0,0.06,8477.0
1424,51,21,non_cadre,30769.0,0.06,44490.0
1425,32,10,cadre,70250.0,0.1,78827.0
1426,57,23,cadre,46573.0,0.1,90050.0
1427,50,28,cadre,45199.0,0.1,105691.0
1428,60,17,non_cadre,30519.0,0.06,31042.0
1429,33,11,non_cadre,18937.0,0.06,11385.0
1430,55,4,cadre,47020.0,0.1,21241.0
1431,42,20,non_cadre,36795.0,0.06,43910.0
1432,29,7,non_cadre,33745.0,0.06,16172.0
1433,29,7,cadre,46709.0,0.1,27572.0
1434,46,10,non_cadre,24633.0,0.06,17559.0
1435,35,13,non_cadre,38760.0,0.06,33463.0
1436,26,0,non_cadre,29735.0,0.06,0.0
1437,40,18,non_cadre,41250.0,0.06,52395.0
1438,50,8,non_cadre,30020.0,0.06,14238.0
1439,35,2,non_cadre,19920.0,0.06,2055.0
1440,63,9,non_cadre,35554.0,0.06,19175.0
1441,55,25,non_cadre,27454.0,0.06,46373.0
1442,44,8,non_cadre,27825.0,0.06,15277.0
1443,62,16,non_cadre,22434.0,0.06,21438.0
1444,40,18,non_cadre,41498.0,0.06,48982.0
1445,28,1,cadre,48224.0,0.1,4334.0
1446,23,1,cadre,40038.0,0.1,3572.0
1447,62,8,non_cadre,27521.0,0.06,13666.0
1448,63,20,non_cadre,24919.0,0.06,28967.0
1449,53,5,non_cadre,39060.0,0.06,10129.0
1450,26,4,non_cadre,29563.0,0.06,7837.0
1451,34,12,non_cadre,29621.0,0.06,21601.0
1452,23,1,non_cadre,23217.0,0.06,1404.0
1453,24,2,non_cadre,27376.0,0.06,2877.0
1454,32,10,non_cadre,32686.0,0.06,17581.0
1455,46,13,non_cadre,23135.0,0.06,19436.0
1456,24,2,non_cadre,26934.0,0.06,3687.0
1457,64,8,non_cadre,27580.0,0.06,11529.0
1458,41,19,non_cadre,30401.0,0.06,38987.0
1459,33,10,non_cadre,40331.0,0.06,26987.0
1460,44,14,non_cadre,28253.0,0.06,26722.0
1461,55,5,cadre,35612.0,0.1,18388.0
1462,35,13,non_cadre,51960.0,0.06,38127.0
1463,24,2,non_cadre,27510.0,0.06,3659.0
1464,24,2,non_cadre,28878.0,0.06,3438.0
1465,58,3,non_cadre,27928.0,0.06,4468.0
1466,26,4,non_cadre,28385.0,0.06,6546.0
1467,49,10,cadre,48210.0,0.1,47395.0
1468,38,2,non_cadre,36066.0,0.06,4337.0
1469,55,15,non_cadre,32525.0,0.06,33928.0
1470,24,2,non_cadre,37211.0,0.06,4307.0
1471,60,0,non_cadre,36966.0,0.06,0.0
1472,52,3,non_cadre,31278.0,0.06,6671.0
1473,41,13,non_cadre,32345.0,0.06,22625.0
1474,30,8,non_cadre,37448.0,0.06,14460.0
1475,64,7,cadre,48304.0,0.1,38544.0
1476,34,8,cadre,46339.0,0.1,43810.0
1477,43,7,non_cadre,27077.0,0.06,12201.0
1478,38,10,non_cadre,27966.0,0.06,16160.0
1479,31,9,cadre,38206.0,0.1,34987.0
1480,39,9,non_cadre,23683.0,0.06,14487.0
1481,28,6,non_cadre,36452.0,0.06,15145.0
1482,22,0,non_cadre,47240.0,0.06,0.0
1483,34,12,non_cadre,26783.0,0.06,22122.0
1484,26,4,non_cadre,32158.0,0.06,8080.0
1485,39,17,non_cadre,31351.0,0.06,25995.0
1486,59,27,non_cadre,36644.0,0.06,50067.0
1487,28,6,non_cadre,46756.0,0.06,13772.0
1488,22,0,non_cadre,40666.0,0.06,0.0
1489,26,3,cadre,48032.0,0.1,13986.0
1490,43,3,non_cadre,33346.0,0.06,6520.0
1491,33,11,non_cadre,34015.0,0.06,17975.0
1492,43,16,non_cadre,29880.0,0.06,32049.0
1493,23,1,non_cadre,24095.0,0.06,1435.0
1494,36,10,cadre,55019.0,0.1,64341.0
1495,39,8,non_cadre,37744.0,0.06,18269.0
1496,40,18,cadre,50290.0,0.1,100979.0
1497,45,18,non_cadre,28780.0,0.06,32692.0
1498,55,26,non_cadre,31608.0,0.06,49714.0
1499,42,9,non_cadre,38117.0,0.06,24274.0
1500,58,14,non_cadre,21335.0,0.06,17890.0
1501,44,3,non_cadre,27438.0,0.06,5714.0
1502,33,11,non_cadre,44915.0,0.06,24143.0
1503,31,9,non_cadre,31851.0,0.06,18283.0
1504,35,13,non_cadre,23935.0,0.06,21743.0
1505,47,12,non_cadre,30712.0,0.06,25644.0
1506,32,8,cadre,50450.0,0.1,40119.0
1507,61,28,non_cadre,18027.0,0.06,29947.0
1508,42,14,cadre,79416.0,0.1,124992.0
1509,59,20,non_cadre,27847.0,0.06,31211.0
1510,51,1,non_cadre,21602.0,0.06,1523.0
1511,36,8,non_cadre,30496.0,0.06,13178.0
1512,31,9,cadre,48778.0,0.1,36427.0
1513,53,2,cadre,47158.0,0.1,10457.0
1514,36,3,non_cadre,27982.0,0.06,4845.0
1515,32,10,cadre,40714.0,0.1,38365.0
1516,62,9,non_cadre,22426.0,0.06,11243.0
1517,42,8,non_cadre,26129.0,0.06,14952.0
1518,24,2,non_cadre,35625.0,0.06,4398.0
1519,43,5,cadre,59571.0,0.1,35646.0
1520,41,1,non_cadre,29588.0,0.06,1664.0
1521,59,0,non_cadre,24367.0,0.06,0.0
1522,52,2,non_cadre,27838.0,0.06,2955.0
1523,30,4,cadre,35097.0,0.1,13648.0
1524,28,6,cadre,38539.0,0.1,19072.0
1525,47,8,non_cadre,27269.0,0.06,10474.0
1526,24,2,non_cadre,17795.0,0.06,2095.0
1527,35,0,non_cadre,26212.0,0.06,0.0
1528,27,5,cadre,48925.0,0.1,23847.0
1529,22,0,non_cadre,25023.0,0.06,0.0
1530,61,10,cadre,36865.0,0.1,36063.0
1531,25,1,non_cadre,35322.0,0.06,2142.0
1532,22,0,non_cadre,29777.0,0.06,0.0
1533,62,14,non_cadre,36567.0,0.06,34449.0
1534,30,5,cadre,57423.0,0.1,32594.0
1535,57,29,non_cadre,28224.0,0.06,43461.0
1536,23,1,cadre,38096.0,0.1,3745.0
1537,28,6,cadre,58409.0,0.1,39685.0
1538,26,4,non_cadre,24339.0,0.06,6874.0
1539,52,9,non_cadre,38762.0,0.06,21291.0
1540,48,4,non_cadre,32562.0,0.06,7793.0
1541,42,20,non_cadre,36751.0,0.06,48769.0
1542,32,10,cadre,58282.0,0.1,69745.0
1543,25,3,non_cadre,24465.0,0.06,4273.0
1544,46,17,non_cadre,24310.0,0.06,21474.0
1545,31,5,non_cadre,31636.0,0.06,10760.0
1546,47,19,non_cadre,43087.0,0.06,53254.0
1547,51,20,cadre,50339.0,0.1,86385.0
1548,58,21,non_cadre,27834.0,0.06,32595.0
1549,43,17,non_cadre,28888.0,0.06,30093.0
1550,22,0,non_cadre,29813.0,0.06,0.0
1551,34,12,non_cadre,44994.0,0.06,36032.0
1552,58,24,cadre,33151.0,0.1,68606.0
1553,44,5,non_cadre,31601.0,0.06,8406.0
1554,48,14,cadre,54896.0,0.1,84359.0
1555,41,12,cadre,80931.0,0.1,82204.0
1556,28,6,non_cadre,33117.0,0.06,11913.0
1557,60,4,non_cadre,27620.0,0.06,6751.0
1558,55,9,cadre,47791.0,0.1,40248.0
1559,64,28,non_cadre,36879.0,0.06,69301.0
1560,58,3,cadre,53079.0,0.1,13092.0
1561,34,12,non_cadre,36268.0,0.06,29011.0
1562,32,10,non_cadre,41697.0,0.06,26480.0
1563,32,10,cadre,34802.0,0.1,34902.0
1564,61,1,non_cadre,32230.0,0.06,2222.0
1565,45,1,non_cadre,56897.0,0.06,3007.0
1566,41,8,non_cadre,31268.0,0.06,16814.0
1567,63,3,non_cadre,24121.0,0.06,3800.0
1568,47,2,non_cadre,28359.0,0.06,4071.0
1569,61,4,non_cadre,40917.0,0.06,7985.0
1570,64,5,non_cadre,23159.0,0.06,7096.0
1571,25,3,non_cadre,25809.0,0.06,4029.0
1572,37,15,non_cadre,37430.0,0.06,32447.0
1573,53,0,non_cadre,28414.0,0.06,0.0
1574,56,18,non_cadre,29346.0,0.06,27812.0
1575,28,4,non_cadre,37184.0,0.06,7357.0
1576,35,12,non_cadre,25993.0,0.06,15032.0
1577,45,1,non_cadre,22365.0,0.06,1460.0
1578,56,2,non_cadre,22724.0,0.06,2676.0
1579,26,3,non_cadre,33702.0,0.06,4964.0
1580,47,13,non_cadre,31596.0,0.06,28972.0
1581,34,12,non_cadre,26120.0,0.06,20052.0
1582,31,9,non_cadre,23794.0,0.06,11637.0
1583,44,18,non_cadre,28420.0,0.06,29941.0
1584,39,17,cadre,40997.0,0.1,69396.0
1585,49,21,non_cadre,25382.0,0.06,32876.0
1586,35,13,non_cadre,26276.0,0.06,23426.0
1587,57,16,cadre,61248.0,0.1,101521.0
1588,25,3,non_cadre,27875.0,0.06,5978.0
1589,59,7,non_cadre,32099.0,0.06,14705.0
1590,23,1,non_cadre,45798.0,0.06,3285.0
1591,53,0,non_cadre,31336.0,0.06,0.0
1592,36,14,non_cadre,29680.0,0.06,26711.0
1593,38,11,non_cadre,35651.0,0.06,25769.0
1594,22,0,non_cadre,34482.0,0.06,0.0
1595,52,28,non_cadre,26727.0,0.06,36360.0
1596,29,7,non_cadre,47542.0,0.06,16992.0
1597,50,25,cadre,49047.0,0.1,109263.0
1598,53,14,non_cadre,31452.0,0.06,24005.0
1599,58,3,cadre,50996.0,0.1,17779.0
1600,52,0,non_cadre,32149.0,0.06,0.0
1601,34,4,cadre,38615.0,0.1,13242.0
1602,53,28,cadre,44103.0,0.1,119851.0
1603,57,14,non_cadre,35089.0,0.06,26446.0
1604,35,9,cadre,37441.0,0.1,38143.0
1605,27,5,non_cadre,36516.0,0.06,12786.0
1606,60,7,cadre,47522.0,0.1,28798.0
1607,28,6,non_cadre,27969.0,0.06,9733.0
1608,47,25,cadre,44497.0,0.1,131392.0
1609,32,2,cadre,65361.0,0.1,13894.0
1610,27,5,cadre,42987.0,0.1,24658.0
1611,55,10,non_cadre,39264.0,0.06,22217.0
1612,28,1,non_cadre,34733.0,0.06,1842.0
1613,50,27,non_cadre,29558.0,0.06,51548.0
1614,51,1,cadre,67384.0,0.1,5761.0
1615,24,2,non_cadre,32266.0,0.06,4398.0
1616,29,0,cadre,36878.0,0.1,0.0
1617,56,14,non_cadre,21810.0,0.06,16891.0
1618,43,17,non_cadre,32341.0,0.06,32971.0
1619,27,5,cadre,42525.0,0.1,23807.0
1620,64,2,non_cadre,18741.0,0.06,2640.0
1621,33,3,non_cadre,31201.0,0.06,5284.0
1622,22,0,non_cadre,34471.0,0.06,0.0
1623,61,24,cadre,36771.0,0.1,77465.0
1624,22,0,non_cadre,35223.0,0.06,0.0
1625,45,15,cadre,41780.0,0.1,67339.0
1626,64,16,non_cadre,24367.0,0.06,20143.0
1627,46,23,non_cadre,20931.0,0.06,31656.0
1628,47,18,non_cadre,37324.0,0.06,43923.0
1629,38,13,cadre,45999.0,0.1,65594.0
1630,27,5,non_cadre,37898.0,0.06,10664.0
1631,46,14,non_cadre,25950.0,0.06,23889.0
1632,60,1,cadre,40199.0,0.1,4545.0
1633,25,3,non_cadre,22213.0,0.06,3754.0
1634,59,22,non_cadre,25211.0,0.06,29391.0
1635,39,17,non_cadre,30765.0,0.06,36249.0
1636,45,3,non_cadre,34255.0,0.06,6464.0
1637,29,2,cadre,51017.0,0.1,10042.0
1638,48,2,non_cadre,28594.0,0.06,3952.0
1639,29,7,non_cadre,25230.0,0.06,9054.0
1640,33,9,non_cadre,24972.0,0.06,15160.0
1641,53,9,cadre,53102.0,0.1,47616.0
1642,24,0,non_cadre,46778.0,0.06,0.0
1643,41,19,cadre,56785.0,0.1,128288.0
1644,47,13,non_cadre,37476.0,0.06,32483.0
1645,27,5,non_cadre,28600.0,0.06,7601.0
1646,34,12,cadre,39057.0,0.1,54812.0
1647,36,4,cadre,66768.0,0.1,31358.0
1648,50,24,cadre,31813.0,0.1,85528.0
1649,63,16,non_cadre,28302.0,0.06,23118.0
1650,57,18,non_cadre,26213.0,0.06,24759.0
1651,30,6,non_cadre,27432.0,0.06,10879.0
1652,22,0,non_cadre,30295.0,0.06,0.0
1653,24,2,non_cadre,25454.0,0.06,2706.0
1654,47,12,non_cadre,31766.0,0.06,22513.0
1655,28,2,non_cadre,31757.0,0.06,3285.0
1656,31,9,non_cadre,28944.0,0.06,15492.0
1657,58,26,non_cadre,25424.0,0.06,41923.0
1658,59,15,non_cadre,30636.0,0.06,22263.0
1659,58,17,non_cadre,27119.0,0.06,29243.0
1660,32,6,non_cadre,30281.0,0.06,11511.0
1661,48,2,non_cadre,37368.0,0.06,4403.0
1662,48,26,non_cadre,23350.0,0.06,42187.0
1663,29,7,cadre,56542.0,0.1,33798.0
1664,45,8,non_cadre,29568.0,0.06,11645.0
1665,44,20,non_cadre,32576.0,0.06,39026.0
1666,39,0,non_cadre,25807.0,0.06,0.0
1667,54,2,non_cadre,37699.0,0.06,4102.0
1668,51,7,non_cadre,29256.0,0.06,14556.0
1669,44,13,cadre,50369.0,0.1,59029.0
1670,53,11,non_cadre,26738.0,0.06,16025.0
1671,54,5,non_cadre,28432.0,0.06,9591.0
1672,46,10,non_cadre,32618.0,0.06,22881.0
1673,33,10,non_cadre,31055.0,0.06,18902.0
1674,54,15,non_cadre,29762.0,0.06,21633.0
1675,52,16,non_cadre,26021.0,0.06,23536.0
1676,64,26,cadre,37988.0,0.1,87862.0
1677,28,6,non_cadre,27358.0,0.06,9892.0
1678,40,8,non_cadre,32893.0,0.06,16942.0
1679,61,27,cadre,43372.0,0.1,112066.0
1680,44,15,non_cadre,35185.0,0.06,32140.0
1681,62,5,non_cadre,29991.0,0.06,9933.0
1682,22,0,non_cadre,32392.0,0.06,0.0
1683,23,1,non_cadre,29006.0,0.06,1529.0
1684,56,24,non_cadre,21173.0,0.06,34217.0
1685,37,11,cadre,40522.0,0.1,36319.0
1686,44,4,non_cadre,27830.0,0.06,5746.0
1687,40,5,non_cadre,24371.0,0.06,5885.0
1688,39,3,non_cadre,26782.0,0.06,4928.0
1689,62,20,non_cadre,30822.0,0.06,38467.0
1690,26,4,non_cadre,23916.0,0.06,5811.0
1691,55,13,non_cadre,26025.0,0.06,19603.0
1692,60,20,cadre,38296.0,0.1,77481.0
1693,50,24,non_cadre,21773.0,0.06,27515.0
1694,38,16,non_cadre,28921.0,0.06,31387.0
1695,28,4,non_cadre,23758.0,0.06,6798.0
1696,51,17,non_cadre,25813.0,0.06,26757.0
1697,42,20,non_cadre,28837.0,0.06,32865.0
1698,28,6,cadre,38144.0,0.1,25558.0
1699,37,9,non_cadre,33649.0,0.06,15940.0
1700,63,11,non_cadre,39308.0,0.06,24083.0
1701,33,11,cadre,41325.0,0.1,53458.0
1702,29,0,non_cadre,36823.0,0.06,0.0
1703,51,15,non_cadre,22766.0,0.06,17310.0
1704,30,3,cadre,48644.0,0.1,14864.0
1705,61,26,non_cadre,32940.0,0.06,53183.0
1706,58,1,non_cadre,35710.0,0.06,2226.0
1707,64,0,cadre,49005.0,0.1,0.0
1708,61,9,non_cadre,37152.0,0.06,21837.0
1709,32,6,non_cadre,35891.0,0.06,11589.0
1710,31,9,cadre,53618.0,0.1,56906.0
1711,36,8,cadre,103841.0,0.1,74033.0
1712,42,10,non_cadre,28315.0,0.06,13709.0
1713,59,16,non_cadre,31083.0,0.06,30649.0
1714,53,16,non_cadre,24983.0,0.06,21133.0
1715,49,27,non_cadre,30409.0,0.06,51796.0
1716,59,14,non_cadre,21239.0,0.06,15908.0
1717,49,16,non_cadre,26985.0,0.06,25160.0
1718,38,16,non_cadre,29316.0,0.06,24536.0
1719,39,5,non_cadre,36275.0,0.06,10573.0
1720,44,20,non_cadre,37465.0,0.06,38421.0
1721,25,3,non_cadre,24741.0,0.06,4165.0
1722,53,9,non_cadre,45441.0,0.06,21583.0
1723,50,5,non_cadre,30904.0,0.06,10443.0
1724,53,10,cadre,54292.0,0.1,59273.0
1725,44,8,non_cadre,21708.0,0.06,9031.0
1726,55,17,non_cadre,26501.0,0.06,22521.0
1727,62,25,cadre,67186.0,0.1,136102.0
1728,46,17,non_cadre,31036.0,0.06,28196.0
1729,41,3,non_cadre,30654.0,0.06,5474.0
1730,26,4,non_cadre,31394.0,0.06,7233.0
1731,55,20,non_cadre,22478.0,0.06,32061.0
1732,60,9,non_cadre,29426.0,0.06,17748.0
1733,52,17,non_cadre,39760.0,0.06,33713.0
1734,59,20,non_cadre,37283.0,0.06,38636.0
1735,59,9,cadre,42358.0,0.1,30903.0
1736,56,19,non_cadre,41015.0,0.06,39991.0
1737,43,11,cadre,51499.0,0.1,57315.0
1738,26,4,non_cadre,24701.0,0.06,4925.0
1739,22,0,non_cadre,43551.0,0.06,0.0
1740,30,8,non_cadre,33676.0,0.06,13696.0
1741,40,0,non_cadre,28316.0,0.06,0.0
1742,53,26,non_cadre,29670.0,0.06,37387.0
1743,41,15,cadre,72139.0,0.1,128536.0
1744,22,0,cadre,45610.0,0.1,0.0
1745,31,9,cadre,54512.0,0.1,45854.0
1746,64,25,cadre,50728.0,0.1,125542.0
1747,64,0,non_cadre,23790.0,0.06,0.0
1748,38,4,non_cadre,31631.0,0.06,7349.0
1749,56,10,non_cadre,26985.0,0.06,16102.0
1750,52,15,non_cadre,24631.0,0.06,20747.0
1751,62,21,cadre,71704.0,0.1,139858.0
1752,60,12,non_cadre,46300.0,0.06,27033.0
1753,49,18,non_cadre,44244.0,0.06,51067.0
1754,38,0,non_cadre,34166.0,0.06,0.0
1755,48,19,non_cadre,28448.0,0.06,34621.0
1756,35,13,cadre,68203.0,0.1,104306.0
1757,36,14,non_cadre,32535.0,0.06,27035.0
1758,48,13,non_cadre,27582.0,0.06,24799.0
1759,46,8,non_cadre,39055.0,0.06,18326.0
1760,46,24,cadre,46045.0,0.1,109518.0
1761,38,0,cadre,53439.0,0.1,0.0
1762,39,8,non_cadre,35213.0,0.06,14981.0
1763,22,0,non_cadre,25334.0,0.06,0.0
1764,47,25,non_cadre,28593.0,0.06,43058.0
1765,46,14,non_cadre,33782.0,0.06,23480.0
1766,62,27,non_cadre,40644.0,0.06,58908.0
1767,43,19,non_cadre,23160.0,0.06,29501.0
1768,42,16,non_cadre,22819.0,0.06,21588.0
1769,24,2,non_cadre,24828.0,0.06,2415.0
1770,30,6,non_cadre,22058.0,0.06,6546.0
1771,36,14,non_cadre,22374.0,0.06,21948.0
1772,38,16,non_cadre,24697.0,0.06,28040.0
1773,37,15,non_cadre,38394.0,0.06,36505.0
1774,38,16,non_cadre,28185.0,0.06,23648.0
1775,55,28,non_cadre,30189.0,0.06,48041.0
1776,27,5,non_cadre,24782.0,0.06,6856.0
1777,36,14,non_cadre,34053.0,0.06,31867.0
1778,29,7,non_cadre,43656.0,0.06,18608.0
1779,35,4,non_cadre,25120.0,0.06,6703.0
1780,51,8,non_cadre,42358.0,0.06,19197.0
1781,24,2,non_cadre,32268.0,0.06,4444.0
1782,36,4,non_cadre,30101.0,0.06,7020.0
1783,23,1,non_cadre,32499.0,0.06,1885.0
1784,63,20,cadre,48083.0,0.1,95747.0
1785,53,7,non_cadre,43494.0,0.06,18938.0
1786,32,10,non_cadre,33289.0,0.06,23122.0
1787,30,8,non_cadre,33429.0,0.06,15775.0
1788,26,0,non_cadre,27575.0,0.06,0.0
1789,42,7,non_cadre,35482.0,0.06,14269.0
1790,54,22,non_cadre,24775.0,0.06,30408.0
1791,47,25,non_cadre,30661.0,0.06,42221.0
1792,59,27,non_cadre,53402.0,0.06,69941.0
1793,36,14,non_cadre,18181.0,0.06,17405.0
1794,33,2,non_cadre,31432.0,0.06,3137.0
1795,42,20,non_cadre,31675.0,0.06,35491.0
1796,30,3,non_cadre,28662.0,0.06,4644.0
1797,63,2,non_cadre,28798.0,0.06,3794.0
1798,29,7,cadre,54511.0,0.1,44760.0
1799,42,14,non_cadre,28525.0,0.06,26996.0
1800,44,19,cadre,54826.0,0.1,96669.0
1801,24,2,non_cadre,27212.0,0.06,3208.0
1802,42,2,non_cadre,44956.0,0.06,4849.0
1803,41,15,non_cadre,28525.0,0.06,30026.0
1804,33,11,non_cadre,33620.0,0.06,18805.0
1805,27,5,non_cadre,26243.0,0.06,9296.0
1806,23,1,non_cadre,36155.0,0.06,2441.0
1807,22,0,non_cadre,34740.0,0.06,0.0
1808,42,20,non_cadre,32624.0,0.06,43439.0
1809,25,1,non_cadre,24428.0,0.06,1371.0
1810,63,26,non_cadre,25809.0,0.06,36975.0
1811,32,10,cadre,51944.0,0.1,49480.0
1812,50,24,non_cadre,25752.0,0.06,32360.0
1813,50,12,non_cadre,34103.0,0.06,26974.0
1814,43,15,cadre,34430.0,0.1,51129.0
1815,59,11,non_cadre,36704.0,0.06,27963.0
1816,26,4,cadre,63401.0,0.1,29199.0
1817,32,10,non_cadre,24743.0,0.06,12802.0
1818,32,10,cadre,33686.0,0.1,29897.0
1819,27,5,cadre,42654.0,0.1,20565.0
1820,34,3,non_cadre,32529.0,0.06,4962.0
1821,35,13,non_cadre,30419.0,0.06,25525.0
1822,54,19,non_cadre,24099.0,0.06,30084.0
1823,34,12,non_cadre,29833.0,0.06,23382.0
1824,59,4,cadre,59293.0,0.1,23435.0
1825,55,16,non_cadre,34121.0,0.06,37253.0
1826,60,15,non_cadre,35395.0,0.06,33204.0
1827,26,4,cadre,39486.0,0.1,18913.0
1828,64,1,non_cadre,31675.0,0.06,2140.0
1829,48,14,non_cadre,42590.0,0.06,38956.0
1830,64,8,non_cadre,29069.0,0.06,11851.0
1831,37,15,non_cadre,24837.0,0.06,25327.0
1832,62,6,non_cadre,33684.0,0.06,11183.0
1833,47,13,non_cadre,23919.0,0.06,18052.0
1834,25,3,non_cadre,28763.0,0.06,5100.0
1835,39,1,non_cadre,26613.0,0.06,1489.0
1836,27,5,cadre,44529.0,0.1,18777.0
1837,62,21,cadre,36596.0,0.1,67610.0
1838,35,1,non_cadre,35916.0,0.06,2417.0
1839,31,1,non_cadre,37425.0,0.06,2382.0
1840,45,23,non_cadre,36105.0,0.06,58651.0
1841,40,8,non_cadre,32088.0,0.06,17380.0
1842,26,4,non_cadre,28493.0,0.06,6571.0
1843,57,14,non_cadre,18721.0,0.06,17526.0
1844,58,10,non_cadre,32289.0,0.06,19966.0
1845,53,8,non_cadre,19017.0,0.06,8348.0
1846,48,19,cadre,57853.0,0.1,130810.0
1847,39,3,cadre,53390.0,0.1,18762.0
1848,45,12,non_cadre,31630.0,0.06,19241.0
1849,44,10,cadre,55986.0,0.1,63587.0
1850,29,4,non_cadre,40785.0,0.06,8135.0
1851,25,3,non_cadre,32905.0,0.06,6939.0
1852,32,10,non_cadre,28540.0,0.06,17974.0
1853,41,19,non_cadre,39585.0,0.06,39108.0
1854,28,2,non_cadre,41027.0,0.06,5548.0
1855,26,4,cadre,70953.0,0.1,28560.0
1856,58,26,non_cadre,25691.0,0.06,33017.0
1857,38,16,cadre,40053.0,0.1,71735.0
1858,47,25,non_cadre,22463.0,0.06,37581.0
1859,44,12,cadre,49155.0,0.1,58563.0
1860,53,24,cadre,38944.0,0.1,102106.0
1861,53,21,cadre,32608.0,0.1,55881.0
1862,34,12,non_cadre,31605.0,0.06,21100.0
1863,58,5,cadre,47567.0,0.1,25431.0
1864,37,15,non_cadre,23300.0,0.06,18710.0
1865,57,27,non_cadre,27108.0,0.06,43044.0
1866,39,17,non_cadre,29686.0,0.06,35511.0
1867,26,4,non_cadre,27178.0,0.06,7375.0
1868,54,7,cadre,50379.0,0.1,36083.0
1869,23,1,non_cadre,26048.0,0.06,1611.0
1870,55,2,non_cadre,22451.0,0.06,3111.0
1871,23,1,non_cadre,26957.0,0.06,1852.0
1872,30,8,non_cadre,28748.0,0.06,11527.0
1873,47,25,non_cadre,28194.0,0.06,41709.0
1874,62,9,non_cadre,30678.0,0.06,14518.0
1875,39,13,cadre,25344.0,0.1,27455.0
1876,27,5,non_cadre,34382.0,0.06,9458.0
1877,32,10,cadre,58719.0,0.1,61318.0
1878,60,0,non_cadre,21890.0,0.06,0.0
1879,53,17,non_cadre,38688.0,0.06,45973.0
1880,26,4,cadre,36464.0,0.1,14136.0
1881,38,9,cadre,47589.0,0.1,41499.0
1882,33,7,non_cadre,31713.0,0.06,11472.0
1883,29,7,non_cadre,37144.0,0.06,13696.0
1884,58,5,non_cadre,42395.0,0.06,10696.0
1885,48,1,non_cadre,31542.0,0.06,2253.0
1886,29,1,non_cadre,37082.0,0.06,1893.0
1887,49,26,non_cadre,23554.0,0.06,40516.0
1888,39,10,non_cadre,29785.0,0.06,16568.0
1889,24,2,non_cadre,28056.0,0.06,3417.0
1890,41,19,non_cadre,32127.0,0.06,42085.0
1891,29,4,non_cadre,41406.0,0.06,11671.0
1892,32,10,non_cadre,31537.0,0.06,16956.0
1893,59,0,cadre,43321.0,0.1,0.0
1894,52,20,cadre,47114.0,0.1,84883.0
1895,27,5,cadre,87142.0,0.1,48883.0
1896,58,22,cadre,37115.0,0.1,65820.0
1897,46,7,non_cadre,32813.0,0.06,13976.0
1898,59,9,cadre,53293.0,0.1,52296.0
1899,54,28,non_cadre,31651.0,0.06,60383.0
1900,36,14,non_cadre,24626.0,0.06,23508.0
1901,44,1,non_cadre,32416.0,0.06,1788.0
1902,44,20,non_cadre,23718.0,0.06,32482.0
1903,52,24,non_cadre,27920.0,0.06,37369.0
1904,32,10,non_cadre,26380.0,0.06,14142.0
1905,36,14,non_cadre,15638.0,0.06,10516.0
1906,32,0,non_cadre,27990.0,0.06,0.0
1907,34,0,non_cadre,25064.0,0.06,0.0
1908,28,1,non_cadre,28764.0,0.06,1847.0
1909,23,1,non_cadre,30010.0,0.06,1545.0
1910,62,29,non_cadre,42725.0,0.06,76881.0
1911,25,3,non_cadre,31885.0,0.06,4882.0
1912,60,23,non_cadre,32073.0,0.06,47880.0
1913,22,0,non_cadre,33126.0,0.06,0.0
1914,55,28,non_cadre,35715.0,0.06,55410.0
1915,36,5,non_cadre,32853.0,0.06,10409.0
1916,44,22,non_cadre,31739.0,0.06,49251.0
1917,34,0,non_cadre,34586.0,0.06,0.0
1918,43,0,non_cadre,18465.0,0.06,0.0
1919,41,2,non_cadre,45559.0,0.06,6443.0
1920,44,22,non_cadre,41229.0,0.06,56867.0
1921,38,7,non_cadre,31332.0,0.06,15299.0
1922,45,13,non_cadre,22615.0,0.06,14308.0
1923,57,14,non_cadre,38217.0,0.06,26108.0
1924,40,18,non_cadre,26113.0,0.06,23403.0
1925,37,10,non_cadre,33380.0,0.06,22467.0
1926,27,0,cadre,43306.0,0.1,0.0
1927,37,11,non_cadre,46828.0,0.06,26908.0
1928,27,5,non_cadre,22483.0,0.06,6975.0
1929,29,7,non_cadre,30417.0,0.06,15113.0
1930,62,22,non_cadre,19624.0,0.06,26599.0
1931,25,2,cadre,48866.0,0.1,10682.0
1932,42,20,non_cadre,27554.0,0.06,28935.0
1933,57,2,non_cadre,37661.0,0.06,5268.0
1934,62,18,non_cadre,27553.0,0.06,24471.0
1935,28,6,non_cadre,37672.0,0.06,12384.0
1936,29,7,non_cadre,24444.0,0.06,10076.0
1937,38,14,non_cadre,28355.0,0.06,21209.0
1938,45,9,non_cadre,28469.0,0.06,16380.0
1939,63,23,cadre,44061.0,0.1,108588.0
1940,30,8,non_cadre,32294.0,0.06,13715.0
1941,29,7,non_cadre,34662.0,0.06,11696.0
1942,32,10,non_cadre,31644.0,0.06,15754.0
1943,59,15,non_cadre,34242.0,0.06,24660.0
1944,23,1,non_cadre,25069.0,0.06,1748.0
1945,38,16,non_cadre,32426.0,0.06,32644.0
1946,27,5,non_cadre,41382.0,0.06,10619.0
1947,28,6,non_cadre,21439.0,0.06,6460.0
1948,61,12,non_cadre,33082.0,0.06,26845.0
1949,22,0,non_cadre,34348.0,0.06,0.0
1950,35,13,non_cadre,40183.0,0.06,36701.0
1951,61,20,non_cadre,34688.0,0.06,35952.0
1952,48,12,non_cadre,30608.0,0.06,22234.0
1953,25,3,cadre,46993.0,0.1,11963.0
1954,41,19,non_cadre,25899.0,0.06,33016.0
1955,63,12,non_cadre,27760.0,0.06,19288.0
1956,39,17,non_cadre,22967.0,0.06,25261.0
1957,44,5,non_cadre,40391.0,0.06,9841.0
1958,44,22,non_cadre,32826.0,0.06,48147.0
1959,50,8,non_cadre,24977.0,0.06,10692.0
1960,30,8,non_cadre,31673.0,0.06,17288.0
1961,58,8,non_cadre,37829.0,0.06,15876.0
1962,64,13,cadre,44819.0,0.1,65026.0
1963,28,6,non_cadre,24920.0,0.06,7658.0
1964,57,21,non_cadre,16029.0,0.06,21517.0
1965,57,2,cadre,50950.0,0.1,11328.0
1966,53,25,non_cadre,25124.0,0.06,35971.0
1967,37,15,non_cadre,33976.0,0.06,27451.0
1968,42,16,cadre,62656.0,0.1,94015.0
1969,58,16,non_cadre,37484.0,0.06,33057.0
1970,28,6,non_cadre,42527.0,0.06,16125.0
1971,57,5,non_cadre,38416.0,0.06,9425.0
1972,61,22,non_cadre,42568.0,0.06,45883.0
1973,51,6,cadre,63392.0,0.1,34806.0
1974,36,14,non_cadre,40223.0,0.06,30773.0
1975,46,9,non_cadre,29756.0,0.06,13993.0
1976,24,2,cadre,32980.0,0.1,7168.0
1977,62,23,non_cadre,49287.0,0.06,55059.0
1978,36,6,cadre,35350.0,0.1,24809.0
1979,24,2,non_cadre,38357.0,0.06,5077.0
1980,56,14,non_cadre,26874.0,0.06,21698.0
1981,50,8,non_cadre,36379.0,0.06,19969.0
1982,48,17,non_cadre,18397.0,0.06,19652.0
1983,24,2,non_cadre,27636.0,0.06,3409.0
1984,54,0,non_cadre,29415.0,0.06,0.0
1985,49,27,non_cadre,32908.0,0.06,56789.0
1986,56,25,non_cadre,37174.0,0.06,47725.0
1987,57,15,non_cadre,24104.0,0.06,21910.0
1988,31,9,cadre,58062.0,0.1,44232.0
1989,31,9,cadre,38557.0,0.1,33940.0
1990,61,3,cadre,49733.0,0.1,15614.0
1991,44,17,cadre,68413.0,0.1,100276.0
1992,40,18,non_cadre,27366.0,0.06,26270.0
1993,34,6,non_cadre,23263.0,0.06,9424.0
1994,49,21,non_cadre,43252.0,0.06,49172.0
1995,54,22,non_cadre,34767.0,0.06,38468.0
1996,22,0,non_cadre,29868.0,0.06,0.0
1997,45,10,non_cadre,21698.0,0.06,15285.0
1998,64,11,non_cadre,24902.0,0.06,17709.0
1999,34,12,non_cadre,34037.0,0.06,25246.0
2000,34,12,non_cadre,32200.0,0.06,26341.0
2001,59,27,non_cadre,20327.0,0.06,35040.0
2002,24,2,non_cadre,34046.0,0.06,4594.0
2003,39,17,non_cadre,21922.0,0.06,23766.0
2004,41,17,non_cadre,39330.0,0.06,45962.0
2005,56,11,non_cadre,31278.0,0.06,21667.0
2006,27,0,non_cadre,27344.0,0.06,0.0
2007,40,18,non_cadre,36570.0,0.06,32246.0
2008,28,6,cadre,59355.0,0.1,29991.0
2009,55,29,cadre,50273.0,0.1,146517.0
2010,49,21,non_cadre,30487.0,0.06,45663.0
2011,43,0,cadre,71515.0,0.1,0.0
2012,38,16,non_cadre,28336.0,0.06,30200.0
2013,28,6,cadre,34456.0,0.1,22028.0
2014,61,14,non_cadre,42131.0,0.06,41102.0
2015,49,12,cadre,55018.0,0.1,72240.0
2016,35,13,non_cadre,34151.0,0.06,24063.0
2017,39,17,non_cadre,25156.0,0.06,25654.0
2018,53,20,cadre,33773.0,0.1,64962.0
2019,52,13,cadre,74956.0,0.1,84401.0
2020,41,8,non_cadre,32307.0,0.06,13785.0
2021,35,13,non_cadre,29347.0,0.06,20923.0
2022,50,28,non_cadre,22242.0,0.06,32489.0
2023,50,18,non_cadre,31883.0,0.06,30540.0
2024,47,21,non_cadre,31641.0,0.06,46508.0
2025,25,3,cadre,46088.0,0.1,12959.0
2026,42,20,non_cadre,22885.0,0.06,31060.0
2027,48,7,non_cadre,28523.0,0.06,9892.0
2028,62,29,non_cadre,34185.0,0.06,70945.0
2029,44,13,non_cadre,32607.0,0.06,28127.0
2030,36,14,non_cadre,25154.0,0.06,24567.0
2031,45,23,cadre,57974.0,0.1,134722.0
2032,29,7,cadre,51745.0,0.1,38171.0
2033,25,3,cadre,39674.0,0.1,11240.0
2034,51,18,cadre,44171.0,0.1,77346.0
2035,64,25,cadre,48286.0,0.1,132822.0
2036,58,5,non_cadre,23248.0,0.06,5719.0
2037,47,2,cadre,52122.0,0.1,8492.0
2038,23,1,non_cadre,41473.0,0.06,2862.0
2039,64,24,non_cadre,28696.0,0.06,34876.0
2040,41,19,non_cadre,28011.0,0.06,34756.0
2041,34,12,non_cadre,36885.0,0.06,23365.0
2042,60,15,cadre,98437.0,0.1,139754.0
2043,54,18,cadre,47197.0,0.1,77939.0
2044,54,26,cadre,56380.0,0.1,146021.0
2045,33,11,non_cadre,32959.0,0.06,24595.0
2046,64,3,non_cadre,34786.0,0.06,7202.0
2047,41,17,non_cadre,25155.0,0.06,22805.0
2048,44,11,non_cadre,28424.0,0.06,17542.0
2049,54,23,non_cadre,36473.0,0.06,57116.0
2050,50,15,non_cadre,29642.0,0.06,22299.0
2051,29,7,non_cadre,22097.0,0.06,7859.0
2052,35,12,cadre,46194.0,0.1,54980.0
2053,37,15,non_cadre,28742.0,0.06,28870.0
2054,62,3,non_cadre,37317.0,0.06,6276.0
2055,52,27,cadre,72750.0,0.1,162595.0
2056,37,4,non_cadre,29283.0,0.06,8343.0
2057,53,11,non_cadre,33220.0,0.06,25774.0
2058,53,25,cadre,71123.0,0.1,188611.0
2059,38,16,non_cadre,23679.0,0.06,24386.0
2060,39,14,non_cadre,18613.0,0.06,18347.0
2061,60,14,cadre,64174.0,0.1,95014.0
2062,46,1,cadre,58542.0,0.1,6530.0
2063,28,6,non_cadre,37885.0,0.06,13440.0
2064,52,0,cadre,61873.0,0.1,0.0
2065,47,0,non_cadre,33804.0,0.06,0.0
2066,43,14,non_cadre,28133.0,0.06,25375.0
2067,53,0,non_cadre,33087.0,0.06,0.0
2068,61,4,non_cadre,39953.0,0.06,10062.0
2069,36,14,non_cadre,30502.0,0.06,28865.0
2070,40,18,non_cadre,43883.0,0.06,43040.0
2071,30,8,non_cadre,22227.0,0.06,11813.0
2072,49,23,cadre,54072.0,0.1,103091.0
2073,39,17,non_cadre,36555.0,0.06,39150.0
2074,36,6,non_cadre,25469.0,0.06,10999.0
2075,51,21,non_cadre,45144.0,0.06,65217.0
2076,39,17,non_cadre,39200.0,0.06,45992.0
2077,41,19,cadre,46707.0,0.1,95145.0
2078,40,4,non_cadre,35805.0,0.06,8460.0
2079,33,6,cadre,36245.0,0.1,23289.0
2080,27,5,non_cadre,21527.0,0.06,5996.0
2081,57,10,non_cadre,40458.0,0.06,24787.0
2082,25,3,non_cadre,22226.0,0.06,4064.0
2083,35,13,non_cadre,41189.0,0.06,32689.0
2084,50,16,cadre,41516.0,0.1,64087.0
2085,27,5,non_cadre,29546.0,0.06,8342.0
2086,50,26,non_cadre,32773.0,0.06,47657.0
2087,53,13,non_cadre,32926.0,0.06,22854.0
2088,50,6,non_cadre,28810.0,0.06,10117.0
2089,35,4,cadre,53547.0,0.1,18144.0
2090,22,0,non_cadre,39626.0,0.06,0.0
2091,60,19,non_cadre,30949.0,0.06,29209.0
2092,36,14,non_cadre,26608.0,0.06,25367.0
2093,56,12,non_cadre,38954.0,0.06,25144.0
2094,30,8,non_cadre,20019.0,0.06,10967.0
2095,28,6,non_cadre,32785.0,0.06,12842.0
2096,55,29,non_cadre,34782.0,0.06,70712.0
2097,62,4,non_cadre,25420.0,0.06,7004.0
2098,59,3,non_cadre,36450.0,0.06,7089.0
2099,54,7,cadre,48332.0,0.1,29119.0
2100,32,10,cadre,55314.0,0.1,56399.0
2101,61,13,non_cadre,36374.0,0.06,26554.0
2102,50,25,non_cadre,24145.0,0.06,41806.0
2103,29,7,non_cadre,35696.0,0.06,17225.0
2104,27,5,cadre,78503.0,0.1,36332.0
2105,59,8,non_cadre,31764.0,0.06,16294.0
2106,33,10,cadre,64698.0,0.1,60513.0
2107,54,4,non_cadre,26930.0,0.06,6924.0
2108,27,5,non_cadre,32431.0,0.06,10172.0
2109,34,8,non_cadre,29526.0,0.06,14235.0
2110,34,8,cadre,47983.0,0.1,44197.0
2111,34,1,non_cadre,33556.0,0.06,1809.0
2112,51,23,non_cadre,32843.0,0.06,50716.0
2113,61,28,non_cadre,31803.0,0.06,57479.0
2114,61,14,non_cadre,27297.0,0.06,20923.0
2115,53,16,non_cadre,28243.0,0.06,26264.0
2116,30,8,non_cadre,31527.0,0.06,12524.0
2117,63,15,non_cadre,28978.0,0.06,27098.0
2118,45,18,non_cadre,37468.0,0.06,46744.0
2119,45,12,cadre,42119.0,0.1,42816.0
2120,52,15,non_cadre,32343.0,0.06,24824.0
2121,55,15,non_cadre,22661.0,0.06,20187.0
2122,62,21,cadre,47620.0,0.1,91251.0
2123,47,18,non_cadre,26708.0,0.06,26271.0
2124,48,15,non_cadre,24353.0,0.06,23133.0
2125,54,2,non_cadre,41697.0,0.06,4824.0
2126,32,10,non_cadre,34492.0,0.06,23548.0
2127,35,13,non_cadre,36475.0,0.06,27641.0
2128,48,5,non_cadre,32855.0,0.06,10311.0
2129,24,2,non_cadre,29446.0,0.06,3389.0
2130,35,13,non_cadre,28368.0,0.06,19968.0
2131,52,9,non_cadre,35059.0,0.06,18715.0
2132,63,24,non_cadre,37626.0,0.06,58960.0
2133,44,22,cadre,53338.0,0.1,138597.0
2134,39,17,non_cadre,45409.0,0.06,37835.0
2135,40,0,non_cadre,28839.0,0.06,0.0
2136,51,14,non_cadre,22701.0,0.06,20106.0
2137,45,16,cadre,60035.0,0.1,80138.0
2138,22,0,cadre,47797.0,0.1,0.0
2139,45,6,non_cadre,27617.0,0.06,9051.0
2140,39,9,cadre,48965.0,0.1,50677.0
2141,52,5,non_cadre,34388.0,0.06,10533.0
2142,59,22,non_cadre,29829.0,0.06,33895.0
2143,63,29,non_cadre,35512.0,0.06,67704.0
2144,48,4,cadre,31015.0,0.1,10705.0
2145,37,6,non_cadre,30081.0,0.06,11784.0
2146,41,9,non_cadre,26728.0,0.06,16212.0
2147,29,7,non_cadre,39874.0,0.06,17253.0
2148,62,13,non_cadre,22085.0,0.06,15649.0
2149,58,8,non_cadre,31863.0,0.06,14911.0
2150,58,9,non_cadre,28930.0,0.06,15797.0
2151,36,14,non_cadre,35077.0,0.06,31419.0
2152,35,11,non_cadre,29875.0,0.06,20774.0
2153,58,4,non_cadre,30052.0,0.06,6925.0
2154,45,23,non_cadre,28442.0,0.06,43303.0
2155,52,12,non_cadre,39640.0,0.06,31639.0
2156,43,7,non_cadre,30014.0,0.06,13596.0
2157,41,19,non_cadre,44484.0,0.06,46090.0
2158,49,22,non_cadre,31679.0,0.06,41304.0
2159,56,4,cadre,48494.0,0.1,18876.0
2160,36,2,cadre,46789.0,0.1,10544.0
2161,56,1,non_cadre,33584.0,0.06,2263.0
2162,32,10,non_cadre,26669.0,0.06,18345.0
2163,39,17,non_cadre,30887.0,0.06,28117.0
2164,61,23,non_cadre,30049.0,0.06,45589.0
2165,63,18,non_cadre,32016.0,0.06,39700.0
2166,61,12,non_cadre,32175.0,0.06,20076.0
2167,35,13,non_cadre,32512.0,0.06,20693.0
2168,58,21,cadre,46317.0,0.1,81918.0
2169,62,11,non_cadre,41058.0,0.06,28249.0
2170,64,27,cadre,54625.0,0.1,142865.0
2171,22,0,non_cadre,50521.0,0.06,0.0
2172,54,24,non_cadre,30301.0,0.06,44127.0
2173,64,29,non_cadre,36342.0,0.06,70457.0
2174,54,11,non_cadre,25945.0,0.06,19561.0
2175,32,3,non_cadre,39700.0,0.06,7866.0
2176,54,14,cadre,52826.0,0.1,85361.0
2177,26,4,cadre,51851.0,0.1,21605.0
2178,42,20,non_cadre,28455.0,0.06,38750.0
2179,48,11,non_cadre,32838.0,0.06,20955.0
2180,41,8,non_cadre,28624.0,0.06,15677.0
2181,52,13,non_cadre,25619.0,0.06,23147.0
2182,32,10,non_cadre,28414.0,0.06,18320.0
2183,48,1,non_cadre,40834.0,0.06,2382.0
2184,49,9,non_cadre,32939.0,0.06,16234.0
2185,49,6,cadre,49595.0,0.1,27676.0
2186,34,12,non_cadre,37348.0,0.06,22936.0
2187,35,13,non_cadre,25101.0,0.06,16032.0
2188,33,2,non_cadre,34809.0,0.06,4034.0
2189,41,7,cadre,46319.0,0.1,26492.0
2190,47,1,non_cadre,33935.0,0.06,2346.0
2191,37,14,non_cadre,43460.0,0.06,38696.0
2192,39,17,non_cadre,25418.0,0.06,29490.0
2193,34,12,non_cadre,33898.0,0.06,23864.0
2194,31,9,non_cadre,38595.0,0.06,18540.0
2195,50,22,non_cadre,26378.0,0.06,31898.0
2196,57,26,non_cadre,25843.0,0.06,46036.0
2197,34,9,cadre,56561.0,0.1,43206.0
2198,59,28,non_cadre,32013.0,0.06,58047.0
2199,46,7,non_cadre,22626.0,0.06,8460.0
2200,29,7,non_cadre,33498.0,0.06,13243.0
2201,37,15,non_cadre,22636.0,0.06,16323.0
2202,22,0,non_cadre,38856.0,0.06,0.0
2203,23,1,cadre,56562.0,0.1,4815.0
2204,36,3,non_cadre,43984.0,0.06,9056.0
2205,41,0,non_cadre,34293.0,0.06,0.0
2206,56,15,non_cadre,28226.0,0.06,22867.0
2207,27,5,non_cadre,25571.0,0.06,6182.0
2208,58,6,cadre,50158.0,0.1,36028.0
2209,32,10,cadre,62783.0,0.1,66335.0
2210,27,5,non_cadre,38032.0,0.06,12065.0
2211,52,23,non_cadre,24915.0,0.06,34642.0
2212,55,0,non_cadre,44942.0,0.06,0.0
2213,48,15,non_cadre,38712.0,0.06,29882.0
2214,26,4,non_cadre,28803.0,0.06,7722.0
2215,26,4,non_cadre,42981.0,0.06,11583.0
2216,38,7,cadre,47057.0,0.1,26828.0
2217,41,18,non_cadre,31259.0,0.06,28799.0
2218,64,5,non_cadre,23241.0,0.06,7104.0
2219,34,7,non_cadre,43402.0,0.06,15241.0
2220,30,6,cadre,39427.0,0.1,21597.0
2221,62,10,cadre,48228.0,0.1,46370.0
2222,28,6,cadre,50144.0,0.1,25961.0
2223,23,1,non_cadre,39082.0,0.06,2536.0
2224,40,9,cadre,63349.0,0.1,56901.0
2225,39,15,non_cadre,30741.0,0.06,29214.0
2226,48,18,cadre,46796.0,0.1,83367.0
2227,59,0,cadre,55808.0,0.1,0.0
2228,62,26,non_cadre,32645.0,0.06,50771.0
2229,34,12,cadre,64111.0,0.1,89228.0
2230,64,18,non_cadre,28556.0,0.06,29558.0
2231,49,17,non_cadre,25737.0,0.06,27746.0
2232,24,2,cadre,48125.0,0.1,10911.0
2233,62,13,cadre,52789.0,0.1,71950.0
2234,27,5,non_cadre,30670.0,0.06,8193.0
2235,47,10,non_cadre,36667.0,0.06,18673.0
2236,56,4,non_cadre,28816.0,0.06,7167.0
2237,32,10,non_cadre,30775.0,0.06,20145.0
2238,33,9,non_cadre,32334.0,0.06,19337.0
2239,42,8,non_cadre,31775.0,0.06,16434.0
2240,60,28,non_cadre,41424.0,0.06,55770.0
2241,31,9,non_cadre,32301.0,0.06,19353.0
2242,50,18,non_cadre,28231.0,0.06,31765.0
2243,41,7,non_cadre,33341.0,0.06,16738.0
2244,26,4,non_cadre,36707.0,0.06,9742.0
2245,52,21,non_cadre,35024.0,0.06,42898.0
2246,57,13,non_cadre,34638.0,0.06,28921.0
2247,46,4,non_cadre,22233.0,0.06,5583.0
2248,29,7,cadre,56964.0,0.1,37281.0
2249,28,6,non_cadre,38716.0,0.06,14125.0
2250,40,18,non_cadre,32752.0,0.06,31189.0
2251,43,10,non_cadre,29871.0,0.06,14968.0
2252,45,16,non_cadre,34469.0,0.06,36175.0
2253,32,10,non_cadre,44109.0,0.06,25239.0
2254,43,21,non_cadre,39801.0,0.06,55279.0
2255,34,6,non_cadre,36366.0,0.06,13031.0
2256,51,20,cadre,58323.0,0.1,131100.0
2257,56,27,non_cadre,25786.0,0.06,45777.0
2258,50,19,non_cadre,18614.0,0.06,23462.0
2259,22,0,non_cadre,34052.0,0.06,0.0
2260,64,5,cadre,38342.0,0.1,22708.0
2261,23,1,non_cadre,38063.0,0.06,2197.0
2262,64,3,non_cadre,34339.0,0.06,6906.0
2263,23,1,non_cadre,29090.0,0.06,1738.0
2264,44,22,cadre,58738.0,0.1,115530.0
2265,26,4,non_cadre,25435.0,0.06,6419.0
2266,26,4,cadre,30888.0,0.1,12203.0
2267,51,23,non_cadre,24671.0,0.06,30833.0
2268,53,12,non_cadre,42623.0,0.06,29247.0
2269,27,5,non_cadre,23121.0,0.06,5993.0
2270,63,17,non_cadre,28841.0,0.06,35149.0
2271,35,9,non_cadre,20368.0,0.06,11629.0
2272,35,1,non_cadre,31833.0,0.06,1661.0
2273,34,12,cadre,59996.0,0.1,79615.0
2274,41,19,cadre,56290.0,0.1,111309.0
2275,29,2,non_cadre,24894.0,0.06,3253.0
2276,40,6,non_cadre,30015.0,0.06,11171.0
2277,31,7,non_cadre,26905.0,0.06,9313.0
2278,24,2,non_cadre,29190.0,0.06,3087.0
2279,37,15,non_cadre,44375.0,0.06,44231.0
2280,50,16,non_cadre,31051.0,0.06,32842.0
2281,54,19,non_cadre,33374.0,0.06,41910.0
2282,37,8,cadre,37796.0,0.1,24373.0
2283,35,13,cadre,53418.0,0.1,77920.0
2284,55,0,cadre,99884.0,0.1,0.0
2285,51,3,non_cadre,49500.0,0.06,9600.0
2286,57,24,non_cadre,28324.0,0.06,37068.0
2287,60,19,non_cadre,32249.0,0.06,40727.0
2288,57,5,cadre,65646.0,0.1,39155.0
2289,62,13,non_cadre,17290.0,0.06,12157.0
2290,39,1,cadre,46350.0,0.1,5162.0
2291,38,16,non_cadre,48296.0,0.06,48311.0
2292,35,13,non_cadre,33794.0,0.06,23967.0
2293,32,8,non_cadre,41653.0,0.06,18349.0
2294,54,10,cadre,69994.0,0.1,76479.0
2295,52,7,non_cadre,18724.0,0.06,7186.0
2296,56,11,non_cadre,24034.0,0.06,12993.0
2297,29,7,non_cadre,32479.0,0.06,15682.0
2298,43,7,cadre,35338.0,0.1,25617.0
2299,31,9,non_cadre,29938.0,0.06,17838.0
2300,60,25,non_cadre,26981.0,0.06,42143.0
2301,33,11,non_cadre,36203.0,0.06,24051.0
2302,28,6,non_cadre,27138.0,0.06,10825.0
2303,46,24,non_cadre,31905.0,0.06,37346.0
2304,59,6,non_cadre,31195.0,0.06,10385.0
2305,61,27,non_cadre,27868.0,0.06,47448.0
2306,26,4,non_cadre,25152.0,0.06,7108.0
2307,36,14,cadre,91870.0,0.1,123147.0
2308,28,6,non_cadre,43638.0,0.06,18696.0
2309,35,13,cadre,54501.0,0.1,78086.0
2310,44,9,non_cadre,36792.0,0.06,19748.0
2311,34,12,non_cadre,25634.0,0.06,17933.0
2312,24,2,non_cadre,22503.0,0.06,2300.0
2313,43,15,non_cadre,37356.0,0.06,35170.0
2314,24,2,non_cadre,35951.0,0.06,3542.0
2315,31,9,non_cadre,30835.0,0.06,16179.0
2316,22,0,cadre,46293.0,0.1,0.0
2317,25,3,non_cadre,22385.0,0.06,4765.0
2318,40,18,non_cadre,35683.0,0.06,36430.0
2319,58,16,non_cadre,38032.0,0.06,36354.0
2320,55,1,non_cadre,26190.0,0.06,1493.0
2321,26,4,cadre,34824.0,0.1,11908.0
2322,23,1,cadre,54797.0,0.1,5157.0
2323,36,14,non_cadre,26386.0,0.06,24638.0
2324,50,27,non_cadre,42820.0,0.06,72731.0
2325,54,14,non_cadre,29353.0,0.06,24039.0
2326,57,26,non_cadre,27768.0,0.06,48873.0
2327,36,7,non_cadre,30272.0,0.06,10192.0
2328,29,7,non_cadre,27768.0,0.06,13186.0
2329,23,1,non_cadre,37579.0,0.06,1857.0
2330,28,6,non_cadre,35815.0,0.06,14803.0
2331,24,2,cadre,42829.0,0.1,10099.0
2332,59,12,non_cadre,31128.0,0.06,25273.0
2333,33,10,non_cadre,27383.0,0.06,13273.0
2334,57,6,non_cadre,29946.0,0.06,10894.0
2335,45,10,non_cadre,27552.0,0.06,18705.0
2336,45,3,non_cadre,40226.0,0.06,7371.0
2337,41,19,non_cadre,36659.0,0.06,39450.0
2338,57,11,non_cadre,29456.0,0.06,19213.0
2339,23,1,cadre,52130.0,0.1,4339.0
2340,25,3,non_cadre,40828.0,0.06,7338.0
2341,40,18,non_cadre,30831.0,0.06,27009.0
2342,38,10,non_cadre,29229.0,0.06,18548.0
2343,45,23,non_cadre,40900.0,0.06,53969.0
2344,53,18,cadre,58207.0,0.1,91837.0
2345,47,22,non_cadre,28146.0,0.06,29981.0
2346,33,8,non_cadre,28647.0,0.06,16072.0
2347,36,1,non_cadre,23055.0,0.06,1414.0
2348,54,10,non_cadre,31956.0,0.06,20301.0
2349,30,8,non_cadre,25758.0,0.06,13745.0
2350,43,21,cadre,62296.0,0.1,137446.0
2351,45,23,cadre,55882.0,0.1,124061.0
2352,54,26,cadre,57511.0,0.1,157160.0
2353,52,11,non_cadre,25366.0,0.06,15084.0
2354,41,9,non_cadre,31521.0,0.06,17439.0
2355,35,13,non_cadre,29081.0,0.06,20012.0
2356,37,15,non_cadre,30289.0,0.06,31812.0
2357,39,8,non_cadre,48036.0,0.06,23146.0
2358,31,8,cadre,80404.0,0.1,57475.0
2359,48,26,non_cadre,33858.0,0.06,55769.0
2360,30,1,non_cadre,34638.0,0.06,1738.0
2361,49,1,non_cadre,29625.0,0.06,1731.0
2362,54,22,non_cadre,31689.0,0.06,47953.0
2363,63,0,non_cadre,30124.0,0.06,0.0
2364,27,5,non_cadre,31240.0,0.06,10135.0
2365,54,29,cadre,45824.0,0.1,131327.0
2366,25,3,cadre,50142.0,0.1,14723.0
2367,36,14,cadre,42675.0,0.1,48066.0
2368,29,7,non_cadre,20223.0,0.06,8834.0
2369,28,2,non_cadre,40464.0,0.06,5005.0
2370,29,5,non_cadre,46218.0,0.06,11122.0
2371,23,1,non_cadre,31040.0,0.06,1592.0
2372,57,2,non_cadre,34271.0,0.06,3310.0
2373,24,2,non_cadre,37241.0,0.06,4028.0
2374,39,10,non_cadre,23018.0,0.06,11070.0
2375,52,11,non_cadre,36120.0,0.06,23051.0
2376,64,28,cadre,36658.0,0.1,101673.0
2377,58,18,cadre,67532.0,0.1,118498.0
2378,27,5,non_cadre,28891.0,0.06,7625.0
2379,64,10,non_cadre,35975.0,0.06,21788.0
2380,50,11,non_cadre,28948.0,0.06,21506.0
2381,29,7,non_cadre,46550.0,0.06,17918.0
2382,41,1,non_cadre,27078.0,0.06,1503.0
2383,61,7,non_cadre,37872.0,0.06,16179.0
2384,38,16,cadre,50372.0,0.1,72012.0
2385,29,7,cadre,46060.0,0.1,30150.0
2386,59,2,non_cadre,31406.0,0.06,3697.0
2387,62,23,non_cadre,26253.0,0.06,34581.0
2388,63,16,cadre,48918.0,0.1,88232.0
2389,63,7,cadre,43305.0,0.1,34545.0
2390,59,22,cadre,39218.0,0.1,82928.0
2391,41,19,non_cadre,37906.0,0.06,42310.0
2392,30,8,cadre,37586.0,0.1,35564.0
2393,48,8,cadre,53771.0,0.1,43070.0
2394,31,8,non_cadre,35219.0,0.06,20239.0
2395,42,17,non_cadre,18325.0,0.06,20656.0
2396,50,1,non_cadre,33926.0,0.06,1844.0
2397,62,14,non_cadre,28007.0,0.06,20977.0
2398,34,0,non_cadre,37872.0,0.06,0.0
2399,32,1,non_cadre,33765.0,0.06,2274.0
2400,53,12,non_cadre,33845.0,0.06,22486.0
2401,22,0,non_cadre,28410.0,0.06,0.0
2402,46,24,non_cadre,24995.0,0.06,36571.0
2403,54,2,non_cadre,27512.0,0.06,3732.0
2404,45,7,non_cadre,20931.0,0.06,9673.0
2405,38,12,non_cadre,26659.0,0.06,15845.0
2406,57,17,cadre,39968.0,0.1,63554.0
2407,37,15,non_cadre,22503.0,0.06,20416.0
2408,52,20,non_cadre,30707.0,0.06,41324.0
2409,41,16,non_cadre,33382.0,0.06,34790.0
2410,23,1,cadre,72408.0,0.1,7384.0
2411,44,2,non_cadre,27152.0,0.06,3660.0
2412,24,2,non_cadre,24822.0,0.06,2901.0
2413,62,19,cadre,35968.0,0.1,56193.0
2414,47,9,non_cadre,25451.0,0.06,15781.0
2415,37,7,non_cadre,29625.0,0.06,12575.0
2416,42,20,non_cadre,22129.0,0.06,29831.0
2417,48,24,cadre,60663.0,0.1,139306.0
2418,33,11,non_cadre,26784.0,0.06,18304.0
2419,34,12,non_cadre,32345.0,0.06,21715.0
2420,40,18,cadre,58798.0,0.1,102008.0
2421,33,11,cadre,37800.0,0.1,35716.0
2422,54,26,cadre,72064.0,0.1,205474.0
2423,26,4,non_cadre,19843.0,0.06,4344.0
2424,57,22,non_cadre,27184.0,0.06,33037.0
2425,36,14,non_cadre,37405.0,0.06,29588.0
2426,46,24,cadre,91070.0,0.1,212634.0
2427,28,6,non_cadre,43419.0,0.06,16107.0
2428,38,16,cadre,59671.0,0.1,102455.0
2429,54,26,non_cadre,31852.0,0.06,53181.0
2430,33,11,non_cadre,28526.0,0.06,18252.0
2431,27,5,non_cadre,24767.0,0.06,7376.0
2432,44,22,non_cadre,27277.0,0.06,30825.0
2433,28,6,non_cadre,27648.0,0.06,10039.0
2434,35,13,cadre,81532.0,0.1,121978.0
2435,41,12,cadre,33198.0,0.1,39207.0
2436,46,24,non_cadre,32509.0,0.06,55015.0
2437,49,24,cadre,71756.0,0.1,148503.0
2438,51,28,non_cadre,36156.0,0.06,66498.0
2439,58,17,cadre,49820.0,0.1,91740.0
2440,24,2,non_cadre,36745.0,0.06,4730.0
2441,37,4,non_cadre,32154.0,0.06,8220.0
2442,22,0,non_cadre,29757.0,0.06,0.0
2443,22,0,non_cadre,29388.0,0.06,0.0
2444,31,9,cadre,40606.0,0.1,36541.0
2445,47,20,cadre,53557.0,0.1,108150.0
2446,60,25,non_cadre,30850.0,0.06,37962.0
2447,55,4,non_cadre,25933.0,0.06,5448.0
2448,49,12,non_cadre,25683.0,0.06,21532.0
2449,55,21,non_cadre,31893.0,0.06,37220.0
2450,29,7,non_cadre,32685.0,0.06,13145.0
2451,58,23,cadre,39877.0,0.1,80315.0
2452,60,23,non_cadre,23922.0,0.06,34758.0
2453,26,4,non_cadre,38528.0,0.06,10137.0
2454,42,20,non_cadre,36926.0,0.06,51778.0
2455,57,18,non_cadre,20160.0,0.06,22313.0
2456,42,7,non_cadre,39217.0,0.06,14993.0
2457,58,16,non_cadre,28772.0,0.06,22881.0
2458,62,21,non_cadre,31162.0,0.06,35591.0
2459,42,3,cadre,47047.0,0.1,14782.0
2460,24,2,non_cadre,41750.0,0.06,5960.0
2461,36,14,non_cadre,36663.0,0.06,25613.0
2462,31,9,non_cadre,31482.0,0.06,16241.0
2463,42,6,cadre,66644.0,0.1,42661.0
2464,47,25,non_cadre,20004.0,0.06,30901.0
2465,41,13,non_cadre,35760.0,0.06,29585.0
2466,30,8,cadre,45683.0,0.1,36009.0
2467,34,12,cadre,45975.0,0.1,50029.0
2468,51,17,cadre,63665.0,0.1,107484.0
2469,23,1,non_cadre,26836.0,0.06,1534.0
2470,31,5,non_cadre,26693.0,0.06,8678.0
2471,60,21,cadre,59460.0,0.1,108465.0
2472,26,4,non_cadre,31339.0,0.06,7510.0
2473,39,6,non_cadre,28656.0,0.06,12210.0
2474,30,7,non_cadre,51045.0,0.06,21712.0
2475,26,4,non_cadre,22518.0,0.06,4836.0
2476,40,18,non_cadre,33474.0,0.06,42455.0
2477,44,22,non_cadre,24322.0,0.06,28820.0
2478,29,7,non_cadre,29070.0,0.06,13436.0
2479,25,3,non_cadre,30905.0,0.06,4694.0
2480,27,5,non_cadre,35521.0,0.06,12157.0
2481,50,19,non_cadre,28473.0,0.06,28312.0
2482,58,6,non_cadre,27877.0,0.06,9611.0
2483,29,7,non_cadre,28371.0,0.06,14135.0
2484,35,5,non_cadre,24172.0,0.06,7482.0
2485,36,0,non_cadre,34044.0,0.06,0.0
2486,37,15,non_cadre,31736.0,0.06,22857.0
2487,32,10,non_cadre,32728.0,0.06,15763.0
2488,24,2,cadre,45334.0,0.1,8249.0
2489,44,0,cadre,56740.0,0.1,0.0
2490,37,2,cadre,83362.0,0.1,16572.0
2491,36,3,non_cadre,36802.0,0.06,7742.0
2492,33,11,non_cadre,39812.0,0.06,29052.0
2493,61,6,non_cadre,32321.0,0.06,13612.0
2494,48,7,cadre,52314.0,0.1,36792.0
2495,40,18,non_cadre,27605.0,0.06,29177.0
2496,30,8,non_cadre,28819.0,0.06,14199.0
2497,56,22,non_cadre,38100.0,0.06,47720.0
2498,60,9,non_cadre,35512.0,0.06,16958.0
2499,23,1,non_cadre,28307.0,0.06,1927.0
2500,61,6,cadre,67006.0,0.1,43107.0
2501,52,25,non_cadre,28801.0,0.06,40189.0
2502,26,2,non_cadre,26160.0,0.06,3072.0
2503,54,22,cadre,72694.0,0.1,142364.0
2504,26,4,non_cadre,34925.0,0.06,8593.0
2505,24,2,non_cadre,25739.0,0.06,2914.0
2506,26,4,non_cadre,24342.0,0.06,6720.0
2507,41,4,non_cadre,25675.0,0.06,6232.0
2508,48,22,non_cadre,26828.0,0.06,34163.0
2509,39,17,non_cadre,29016.0,0.06,32551.0
2510,27,5,non_cadre,37491.0,0.06,13070.0
2511,30,8,non_cadre,24727.0,0.06,13376.0
2512,58,10,non_cadre,47423.0,0.06,28396.0
2513,63,14,cadre,56549.0,0.1,74623.0
2514,54,7,non_cadre,22633.0,0.06,10122.0
2515,26,4,non_cadre,42050.0,0.06,11371.0
2516,57,8,non_cadre,39074.0,0.06,22346.0
2517,51,0,non_cadre,28926.0,0.06,0.0
2518,44,22,non_cadre,32378.0,0.06,45615.0
2519,28,6,non_cadre,32541.0,0.06,10745.0
2520,64,4,cadre,47518.0,0.1,15871.0
2521,41,4,cadre,82538.0,0.1,29754.0
2522,23,1,non_cadre,18262.0,0.06,883.0
2523,31,9,non_cadre,25337.0,0.06,13734.0
2524,39,9,cadre,70169.0,0.1,59948.0
2525,24,2,cadre,51835.0,0.1,11106.0
2526,35,2,cadre,53590.0,0.1,11212.0
2527,42,9,non_cadre,24769.0,0.06,11598.0
2528,62,7,non_cadre,31716.0,0.06,14247.0
2529,25,3,non_cadre,32753.0,0.06,5158.0
2530,46,1,cadre,52795.0,0.1,4236.0
2531,61,12,cadre,57002.0,0.1,81267.0
2532,56,23,cadre,53760.0,0.1,100253.0
2533,61,25,non_cadre,37626.0,0.06,52866.0
2534,29,7,cadre,46694.0,0.1,34484.0
2535,56,6,non_cadre,25985.0,0.06,8870.0
2536,64,10,non_cadre,36549.0,0.06,20887.0
2537,36,6,non_cadre,33125.0,0.06,12987.0
2538,43,19,non_cadre,30558.0,0.06,36260.0
2539,44,8,cadre,54457.0,0.1,43886.0
2540,43,18,non_cadre,29331.0,0.06,36572.0
2541,34,12,non_cadre,32511.0,0.06,19739.0
2542,63,28,non_cadre,34691.0,0.06,57576.0
2543,63,11,non_cadre,32132.0,0.06,18994.0
2544,38,16,non_cadre,31797.0,0.06,24870.0
2545,56,12,non_cadre,39637.0,0.06,34007.0
2546,39,17,non_cadre,21797.0,0.06,24314.0
2547,56,19,non_cadre,25575.0,0.06,25846.0
2548,47,24,cadre,51500.0,0.1,118776.0
2549,42,14,cadre,49639.0,0.1,61879.0
2550,27,5,cadre,40919.0,0.1,21972.0
2551,50,10,non_cadre,38813.0,0.06,21895.0
2552,35,13,non_cadre,29119.0,0.06,26527.0
2553,31,9,non_cadre,20808.0,0.06,9922.0
2554,30,8,cadre,52166.0,0.1,39226.0
2555,64,18,non_cadre,30351.0,0.06,38441.0
2556,26,2,non_cadre,30239.0,0.06,4187.0
2557,56,24,non_cadre,33529.0,0.06,44287.0
2558,59,22,non_cadre,32986.0,0.06,43247.0
2559,23,1,non_cadre,29179.0,0.06,2019.0
2560,47,25,non_cadre,23632.0,0.06,37867.0
2561,46,19,non_cadre,27467.0,0.06,33032.0
2562,37,2,non_cadre,26487.0,0.06,3383.0
2563,50,14,cadre,56149.0,0.1,91846.0
2564,39,17,non_cadre,34447.0,0.06,35377.0
2565,40,8,non_cadre,32525.0,0.06,13625.0
2566,40,18,non_cadre,35375.0,0.06,37788.0
2567,56,12,cadre,37085.0,0.1,48576.0
2568,49,6,non_cadre,40564.0,0.06,14557.0
2569,38,10,non_cadre,34321.0,0.06,19054.0
2570,61,15,non_cadre,30681.0,0.06,29450.0
2571,56,20,non_cadre,33848.0,0.06,39809.0
2572,62,27,non_cadre,26207.0,0.06,50315.0
2573,53,5,cadre,36692.0,0.1,17261.0
2574,38,16,non_cadre,26572.0,0.06,27728.0
2575,55,15,cadre,36457.0,0.1,55890.0
2576,36,3,non_cadre,30485.0,0.06,4560.0
2577,33,11,non_cadre,29190.0,0.06,19032.0
2578,41,10,cadre,54105.0,0.1,43915.0
2579,63,18,cadre,58523.0,0.1,117554.0
2580,46,20,non_cadre,39892.0,0.06,52361.0
2581,38,0,non_cadre,28778.0,0.06,0.0
2582,41,6,non_cadre,27530.0,0.06,9910.0
2583,34,12,cadre,48579.0,0.1,69057.0
2584,50,9,non_cadre,38556.0,0.06,19027.0
2585,37,0,non_cadre,35783.0,0.06,0.0
2586,45,0,non_cadre,24723.0,0.06,0.0
2587,37,15,cadre,54462.0,0.1,65570.0
2588,35,4,non_cadre,29142.0,0.06,7079.0
2589,63,3,non_cadre,26552.0,0.06,4281.0
2590,36,14,non_cadre,28289.0,0.06,27367.0
2591,25,3,non_cadre,25650.0,0.06,4938.0
2592,38,16,non_cadre,23035.0,0.06,23767.0
2593,44,16,non_cadre,35038.0,0.06,35968.0
2594,26,4,non_cadre,28705.0,0.06,7382.0
2595,35,13,non_cadre,33942.0,0.06,29092.0
2596,29,7,non_cadre,31774.0,0.06,14252.0
2597,43,19,non_cadre,33479.0,0.06,43269.0
2598,53,12,non_cadre,19925.0,0.06,14680.0
2599,63,0,non_cadre,25225.0,0.06,0.0
2600,38,8,non_cadre,33618.0,0.06,15923.0
2601,59,3,non_cadre,23248.0,0.06,4085.0
2602,31,0,non_cadre,32324.0,0.06,0.0
2603,55,8,non_cadre,22716.0,0.06,10535.0
2604,46,6,non_cadre,30099.0,0.06,10337.0
2605,54,2,non_cadre,41396.0,0.06,4195.0
2606,54,9,non_cadre,35027.0,0.06,21415.0
2607,44,15,non_cadre,20719.0,0.06,20560.0
2608,33,5,cadre,65902.0,0.1,30810.0
2609,44,8,non_cadre,43192.0,0.06,24424.0
2610,57,0,non_cadre,52489.0,0.06,0.0
2611,63,1,non_cadre,32990.0,0.06,2262.0
2612,61,4,non_cadre,22835.0,0.06,4449.0
2613,29,7,non_cadre,32725.0,0.06,13036.0
2614,47,19,non_cadre,41281.0,0.06,46257.0
2615,26,4,non_cadre,28898.0,0.06,7542.0
2616,50,18,non_cadre,36959.0,0.06,42068.0
2617,64,18,non_cadre,25363.0,0.06,29347.0
2618,24,2,non_cadre,32319.0,0.06,4293.0
2619,50,7,non_cadre,18234.0,0.06,9032.0
2620,62,23,non_cadre,24807.0,0.06,34939.0
2621,58,28,non_cadre,29963.0,0.06,58473.0
2622,38,16,non_cadre,27897.0,0.06,30154.0
2623,26,4,cadre,62172.0,0.1,23257.0
2624,61,4,cadre,42875.0,0.1,19302.0
2625,61,26,non_cadre,32045.0,0.06,42339.0
2626,46,16,cadre,33408.0,0.1,46157.0
2627,64,6,non_cadre,30368.0,0.06,13086.0
2628,22,0,non_cadre,34730.0,0.06,0.0
2629,48,21,cadre,46650.0,0.1,96422.0
2630,23,1,non_cadre,39371.0,0.06,2788.0
2631,62,9,non_cadre,24615.0,0.06,12558.0
2632,51,11,non_cadre,44115.0,0.06,26053.0
2633,61,29,non_cadre,37480.0,0.06,54202.0
2634,46,12,non_cadre,27938.0,0.06,20297.0
2635,25,2,cadre,60537.0,0.1,10653.0
2636,23,1,cadre,53473.0,0.1,4416.0
2637,36,4,non_cadre,33816.0,0.06,9132.0
2638,53,20,non_cadre,37342.0,0.06,41738.0
2639,28,6,non_cadre,22945.0,0.06,8523.0
2640,58,25,non_cadre,32743.0,0.06,41347.0
2641,32,10,cadre,49683.0,0.1,49794.0
2642,43,21,non_cadre,28955.0,0.06,38407.0
2643,30,8,non_cadre,40124.0,0.06,18873.0
2644,42,18,non_cadre,22594.0,0.06,22815.0
2645,41,3,non_cadre,21788.0,0.06,3625.0
2646,22,0,non_cadre,31354.0,0.06,0.0
2647,46,16,cadre,33803.0,0.1,45771.0
2648,55,0,non_cadre,32017.0,0.06,0.0
2649,62,16,non_cadre,20497.0,0.06,16834.0
2650,36,14,non_cadre,21425.0,0.06,16006.0
2651,59,11,non_cadre,30592.0,0.06,17484.0
2652,59,16,cadre,30530.0,0.1,54758.0
2653,64,8,non_cadre,30831.0,0.06,14501.0
2654,38,8,cadre,53228.0,0.1,43478.0
2655,58,3,cadre,44036.0,0.1,13649.0
2656,46,9,non_cadre,43127.0,0.06,22323.0
2657,24,2,non_cadre,33760.0,0.06,3725.0
2658,33,11,non_cadre,38226.0,0.06,24043.0
2659,50,19,cadre,56498.0,0.1,108841.0
2660,28,6,non_cadre,29113.0,0.06,9888.0
2661,40,18,non_cadre,28856.0,0.06,26635.0
2662,55,14,non_cadre,28266.0,0.06,27672.0
2663,28,6,non_cadre,34378.0,0.06,13527.0
2664,43,18,non_cadre,26341.0,0.06,23513.0
2665,31,9,cadre,38270.0,0.1,40032.0
2666,45,12,non_cadre,25843.0,0.06,16154.0
2667,32,10,non_cadre,31315.0,0.06,15766.0
2668,63,14,non_cadre,28657.0,0.06,20925.0
2669,25,3,non_cadre,27414.0,0.06,5789.0
2670,63,8,non_cadre,46324.0,0.06,19757.0
2671,56,2,non_cadre,27478.0,0.06,3676.0
2672,58,13,cadre,36561.0,0.1,50249.0
2673,58,21,non_cadre,26269.0,0.06,33340.0
2674,30,8,non_cadre,30247.0,0.06,13738.0
2675,62,29,non_cadre,29398.0,0.06,42824.0
2676,47,1,non_cadre,23983.0,0.06,1560.0
2677,63,22,non_cadre,27559.0,0.06,34847.0
2678,59,23,non_cadre,33890.0,0.06,47423.0
2679,46,13,non_cadre,36840.0,0.06,23583.0
2680,38,8,non_cadre,30144.0,0.06,16066.0
2681,27,5,non_cadre,30356.0,0.06,9807.0
2682,26,4,non_cadre,27910.0,0.06,6777.0
2683,38,16,non_cadre,27132.0,0.06,26008.0
2684,56,19,non_cadre,24960.0,0.06,26600.0
2685,43,15,cadre,85406.0,0.1,120033.0
2686,42,19,non_cadre,26068.0,0.06,24588.0
2687,32,2,non_cadre,35946.0,0.06,4636.0
2688,46,18,non_cadre,27559.0,0.06,24346.0
2689,49,1,non_cadre,27994.0,0.06,1345.0
2690,64,28,non_cadre,27885.0,0.06,38058.0
2691,53,26,cadre,41562.0,0.1,95243.0
2692,48,15,non_cadre,24916.0,0.06,23054.0
2693,61,11,non_cadre,31709.0,0.06,22444.0
2694,40,18,cadre,55992.0,0.1,97590.0
2695,62,19,cadre,101732.0,0.1,186227.0
2696,37,15,non_cadre,31503.0,0.06,29224.0
2697,27,5,non_cadre,30345.0,0.06,9456.0
2698,39,7,non_cadre,35156.0,0.06,16803.0
2699,27,2,cadre,37166.0,0.1,8382.0
2700,27,5,non_cadre,42524.0,0.06,14408.0
2701,59,15,cadre,61626.0,0.1,105165.0
2702,56,12,non_cadre,21338.0,0.06,17698.0
2703,31,9,non_cadre,34085.0,0.06,18813.0
2704,58,8,non_cadre,32447.0,0.06,16167.0
2705,24,2,non_cadre,30196.0,0.06,3953.0
2706,34,11,non_cadre,28482.0,0.06,16535.0
2707,52,25,cadre,49747.0,0.1,117426.0
2708,35,11,non_cadre,20325.0,0.06,15629.0
2709,53,13,non_cadre,41708.0,0.06,32828.0
2710,59,18,non_cadre,26685.0,0.06,23653.0
2711,24,2,non_cadre,36391.0,0.06,4202.0
2712,23,1,non_cadre,21771.0,0.06,1129.0
2713,62,11,non_cadre,24333.0,0.06,15137.0
2714,44,22,cadre,63197.0,0.1,141535.0
2715,43,4,non_cadre,29391.0,0.06,7068.0
2716,41,13,cadre,38502.0,0.1,49862.0
2717,40,18,non_cadre,29918.0,0.06,26086.0
2718,51,21,non_cadre,28779.0,0.06,35465.0
2719,46,13,non_cadre,26185.0,0.06,16576.0
2720,29,2,non_cadre,23627.0,0.06,2727.0
2721,48,0,cadre,51104.0,0.1,0.0
2722,50,14,non_cadre,41045.0,0.06,29319.0
2723,26,4,cadre,43952.0,0.1,20512.0
2724,38,0,non_cadre,24056.0,0.06,0.0
2725,55,26,non_cadre,27984.0,0.06,38724.0
2726,48,20,non_cadre,32114.0,0.06,36904.0
2727,27,0,cadre,54137.0,0.1,0.0
2728,23,1,non_cadre,33152.0,0.06,1609.0
2729,46,6,non_cadre,29706.0,0.06,12473.0
2730,41,19,cadre,34327.0,0.1,69792.0
2731,63,16,non_cadre,48609.0,0.06,51884.0
2732,44,9,non_cadre,27009.0,0.06,15298.0
2733,62,8,non_cadre,41645.0,0.06,23242.0
2734,31,9,cadre,68297.0,0.1,71202.0
2735,41,0,non_cadre,33182.0,0.06,0.0
2736,28,6,non_cadre,20409.0,0.06,6435.0
2737,46,4,non_cadre,30187.0,0.06,6943.0
2738,30,8,non_cadre,27065.0,0.06,12165.0
2739,43,20,cadre,36003.0,0.1,72743.0
2740,36,14,non_cadre,24255.0,0.06,18472.0
2741,29,4,non_cadre,34899.0,0.06,9372.0
2742,26,4,non_cadre,36532.0,0.06,7040.0
2743,44,22,non_cadre,37910.0,0.06,55876.0
2744,62,6,non_cadre,27792.0,0.06,9578.0
2745,30,4,non_cadre,24272.0,0.06,4672.0
2746,39,3,non_cadre,32186.0,0.06,6598.0
2747,31,9,non_cadre,42624.0,0.06,22527.0
2748,56,3,non_cadre,30419.0,0.06,5968.0
2749,39,17,non_cadre,32840.0,0.06,38568.0
2750,63,29,non_cadre,28623.0,0.06,40527.0
2751,32,10,non_cadre,27126.0,0.06,14727.0
2752,25,3,non_cadre,34221.0,0.06,5221.0
2753,47,6,non_cadre,29370.0,0.06,8873.0
2754,50,0,non_cadre,32522.0,0.06,0.0
2755,64,4,non_cadre,33205.0,0.06,8943.0
2756,59,28,non_cadre,32159.0,0.06,51104.0
2757,60,4,cadre,50516.0,0.1,21720.0
2758,49,0,cadre,48958.0,0.1,0.0
2759,37,15,non_cadre,24988.0,0.06,19978.0
2760,40,12,non_cadre,29745.0,0.06,17254.0
2761,27,5,non_cadre,29889.0,0.06,10129.0
2762,40,18,non_cadre,27024.0,0.06,31786.0
2763,37,15,non_cadre,31481.0,0.06,24483.0
2764,23,1,non_cadre,35976.0,0.06,2150.0
2765,30,8,non_cadre,38042.0,0.06,15780.0
2766,44,21,cadre,68075.0,0.1,148825.0
2767,37,15,non_cadre,23063.0,0.06,21982.0
2768,64,13,non_cadre,23774.0,0.06,16887.0
2769,42,8,non_cadre,28312.0,0.06,15116.0
2770,63,29,non_cadre,30486.0,0.06,52485.0
2771,50,6,cadre,51583.0,0.1,33504.0
2772,23,1,cadre,57654.0,0.1,6088.0
2773,30,8,cadre,64559.0,0.1,50630.0
2774,52,29,non_cadre,33045.0,0.06,52731.0
2775,45,2,non_cadre,22995.0,0.06,2433.0
2776,34,12,non_cadre,47936.0,0.06,37909.0
2777,44,22,cadre,48272.0,0.1,112228.0
2778,60,27,non_cadre,37017.0,0.06,54713.0
2779,38,12,cadre,39260.0,0.1,55914.0
2780,23,1,non_cadre,33652.0,0.06,2270.0
2781,35,13,non_cadre,30607.0,0.06,20310.0
2782,62,4,non_cadre,35608.0,0.06,7392.0
2783,54,25,non_cadre,28831.0,0.06,44008.0
2784,58,19,cadre,59363.0,0.1,94851.0
2785,61,14,non_cadre,22260.0,0.06,22171.0
2786,27,5,non_cadre,36273.0,0.06,11483.0
2787,34,12,non_cadre,30721.0,0.06,18281.0
2788,24,2,non_cadre,24472.0,0.06,2870.0
2789,22,0,non_cadre,44328.0,0.06,0.0
2790,57,27,cadre,57851.0,0.1,155601.0
2791,62,28,non_cadre,19815.0,0.06,29921.0
2792,28,6,non_cadre,31080.0,0.06,12674.0
2793,53,22,cadre,64385.0,0.1,154174.0
2794,45,9,non_cadre,32771.0,0.06,20574.0
2795,24,1,non_cadre,40622.0,0.06,2143.0
2796,61,12,non_cadre,38967.0,0.06,26770.0
2797,59,26,cadre,48296.0,0.1,140913.0
2798,46,4,non_cadre,47305.0,0.06,10780.0
2799,52,16,non_cadre,36182.0,0.06,33055.0
2800,39,5,non_cadre,27964.0,0.06,10020.0
2801,56,12,cadre,48597.0,0.1,64635.0
2802,41,4,non_cadre,38469.0,0.06,10565.0
2803,64,22,non_cadre,25600.0,0.06,32535.0
2804,24,2,non_cadre,27640.0,0.06,3431.0
2805,29,7,cadre,38508.0,0.1,26422.0
2806,63,21,non_cadre,32212.0,0.06,39780.0
2807,34,7,non_cadre,28861.0,0.06,10316.0
2808,35,13,non_cadre,23053.0,0.06,20442.0
2809,56,3,non_cadre,37849.0,0.06,6515.0
2810,30,8,cadre,59677.0,0.1,49304.0
2811,44,15,cadre,64766.0,0.1,111025.0
2812,34,12,non_cadre,31881.0,0.06,25465.0
2813,30,2,non_cadre,38654.0,0.06,4079.0
2814,63,24,non_cadre,34034.0,0.06,51332.0
2815,30,8,non_cadre,39025.0,0.06,18700.0
2816,26,4,non_cadre,33625.0,0.06,7296.0
2817,50,15,non_cadre,31445.0,0.06,23103.0
2818,59,16,non_cadre,37332.0,0.06,37699.0
2819,27,5,non_cadre,49323.0,0.06,16453.0
2820,52,24,non_cadre,28424.0,0.06,48162.0
2821,45,4,non_cadre,35170.0,0.06,7951.0
2822,57,15,non_cadre,29969.0,0.06,25885.0
2823,27,0,non_cadre,33195.0,0.06,0.0
2824,63,14,non_cadre,30254.0,0.06,30340.0
2825,48,24,non_cadre,19485.0,0.06,31982.0
2826,58,25,cadre,49920.0,0.1,147644.0
2827,37,8,non_cadre,36639.0,0.06,17554.0
2828,62,11,cadre,49733.0,0.1,48356.0
2829,48,16,non_cadre,36067.0,0.06,35638.0
2830,27,5,cadre,49245.0,0.1,23363.0
2831,61,5,non_cadre,28873.0,0.06,8135.0
2832,56,9,non_cadre,35958.0,0.06,16174.0
2833,34,12,cadre,36284.0,0.1,36107.0
2834,45,15,non_cadre,32632.0,0.06,27945.0
2835,38,16,non_cadre,36759.0,0.06,41305.0
2836,45,16,non_cadre,31244.0,0.06,32670.0
2837,63,11,non_cadre,21591.0,0.06,15735.0
2838,60,19,non_cadre,27815.0,0.06,28339.0
2839,31,9,non_cadre,20912.0,0.06,12352.0
2840,63,12,non_cadre,34215.0,0.06,23712.0
2841,40,14,non_cadre,35889.0,0.06,24834.0
2842,52,6,non_cadre,36217.0,0.06,12490.0
2843,54,25,cadre,43558.0,0.1,92833.0
2844,42,20,non_cadre,36408.0,0.06,49871.0
2845,41,5,cadre,50846.0,0.1,28884.0
2846,41,10,non_cadre,29361.0,0.06,16119.0
2847,59,8,non_cadre,22606.0,0.06,11337.0
2848,38,16,non_cadre,27925.0,0.06,25347.0
2849,34,1,cadre,43697.0,0.1,3765.0
2850,37,6,non_cadre,37332.0,0.06,14243.0
2851,30,8,non_cadre,34249.0,0.06,18150.0
2852,38,16,non_cadre,28930.0,0.06,30825.0
2853,26,4,non_cadre,24593.0,0.06,5074.0
2854,25,3,non_cadre,31143.0,0.06,5634.0
2855,53,22,non_cadre,37462.0,0.06,40033.0
2856,25,3,non_cadre,32563.0,0.06,4900.0
2857,46,2,cadre,53183.0,0.1,8854.0
2858,55,4,cadre,59701.0,0.1,19651.0
2859,53,2,non_cadre,20461.0,0.06,2292.0
2860,41,19,non_cadre,35235.0,0.06,37881.0
2861,30,8,non_cadre,26117.0,0.06,13528.0
2862,62,15,cadre,60417.0,0.1,84459.0
2863,57,23,cadre,82940.0,0.1,163322.0
2864,48,17,non_cadre,33551.0,0.06,40339.0
2865,25,3,non_cadre,31427.0,0.06,6506.0
2866,23,1,non_cadre,46504.0,0.06,2371.0
2867,35,13,cadre,46662.0,0.1,57331.0
2868,28,1,cadre,41593.0,0.1,3607.0
2869,58,18,non_cadre,33283.0,0.06,42547.0
2870,30,8,non_cadre,28332.0,0.06,12816.0
2871,34,2,cadre,46873.0,0.1,7868.0
2872,63,7,cadre,48692.0,0.1,37177.0
2873,57,13,non_cadre,32368.0,0.06,27385.0
2874,31,9,cadre,62690.0,0.1,50577.0
2875,38,8,non_cadre,30370.0,0.06,13537.0
2876,44,19,cadre,44358.0,0.1,81415.0
2877,50,12,non_cadre,24443.0,0.06,15964.0
2878,62,14,non_cadre,28700.0,0.06,22072.0
2879,59,23,non_cadre,32732.0,0.06,50619.0
2880,64,2,non_cadre,29974.0,0.06,3959.0
2881,23,1,non_cadre,22619.0,0.06,1462.0
2882,32,2,cadre,51345.0,0.1,11036.0
2883,46,24,non_cadre,27319.0,0.06,39684.0
2884,24,2,non_cadre,31184.0,0.06,3519.0
2885,37,15,cadre,60104.0,0.1,98109.0
2886,28,5,non_cadre,27629.0,0.06,7017.0
2887,62,9,non_cadre,27414.0,0.06,12678.0
2888,24,2,cadre,61586.0,0.1,10476.0
2889,28,6,non_cadre,36372.0,0.06,14313.0
2890,30,5,non_cadre,31719.0,0.06,9864.0
2891,28,6,non_cadre,39877.0,0.06,14070.0
2892,46,24,non_cadre,37631.0,0.06,53673.0
2893,37,9,cadre,54166.0,0.1,55137.0
2894,61,6,cadre,48541.0,0.1,24717.0
2895,33,11,non_cadre,41009.0,0.06,25802.0
2896,45,2,non_cadre,23821.0,0.06,3156.0
2897,50,26,non_cadre,34147.0,0.06,56633.0
2898,48,26,cadre,45761.0,0.1,115892.0
2899,56,25,non_cadre,39686.0,0.06,52965.0
2900,30,8,non_cadre,25714.0,0.06,14547.0
2901,43,3,non_cadre,34215.0,0.06,5932.0
2902,56,12,non_cadre,30455.0,0.06,25242.0
2903,59,10,non_cadre,43407.0,0.06,28939.0
2904,48,26,non_cadre,22731.0,0.06,40588.0
2905,50,18,non_cadre,25722.0,0.06,22412.0
2906,59,28,cadre,46329.0,0.1,128548.0
2907,48,22,non_cadre,30880.0,0.06,36839.0
2908,62,21,non_cadre,47180.0,0.06,54073.0
2909,27,3,non_cadre,29735.0,0.06,4860.0
2910,36,2,non_cadre,30612.0,0.06,3511.0
2911,26,1,non_cadre,33490.0,0.06,1938.0
2912,25,3,cadre,72894.0,0.1,23041.0
2913,42,6,non_cadre,32279.0,0.06,10692.0
2914,31,9,non_cadre,32448.0,0.06,15929.0
2915,39,3,non_cadre,25332.0,0.06,4306.0
2916,40,18,non_cadre,29441.0,0.06,34168.0
2917,48,20,non_cadre,34799.0,0.06,33410.0
2918,62,3,cadre,62504.0,0.1,20603.0
2919,58,1,non_cadre,38896.0,0.06,2183.0
2920,38,11,non_cadre,32082.0,0.06,21820.0
2921,36,10,non_cadre,32212.0,0.06,21349.0
2922,55,9,non_cadre,34856.0,0.06,18904.0
2923,27,5,non_cadre,26635.0,0.06,8461.0
2924,45,3,non_cadre,26418.0,0.06,5554.0
2925,40,3,non_cadre,29260.0,0.06,4276.0
2926,29,7,cadre,44977.0,0.1,29589.0
2927,48,26,cadre,53717.0,0.1,163511.0
2928,35,8,non_cadre,37004.0,0.06,20159.0
2929,29,7,cadre,47881.0,0.1,35083.0
2930,50,10,non_cadre,32728.0,0.06,17511.0
2931,29,7,non_cadre,26453.0,0.06,10357.0
2932,50,2,non_cadre,24481.0,0.06,3358.0
2933,28,6,cadre,62025.0,0.1,40166.0
2934,40,14,cadre,50882.0,0.1,65127.0
2935,56,19,non_cadre,23227.0,0.06,22584.0
2936,31,4,non_cadre,31316.0,0.06,8360.0
2937,55,5,cadre,78050.0,0.1,40215.0
2938,53,12,cadre,87198.0,0.1,124035.0
2939,60,2,cadre,54187.0,0.1,10432.0
2940,29,4,non_cadre,25682.0,0.06,5791.0
2941,52,18,cadre,43869.0,0.1,72355.0
2942,62,28,non_cadre,41387.0,0.06,69026.0
2943,54,17,non_cadre,36199.0,0.06,34305.0
2944,30,4,non_cadre,35206.0,0.06,7007.0
2945,57,29,non_cadre,26662.0,0.06,42906.0
2946,26,4,non_cadre,37576.0,0.06,8004.0
2947,47,21,non_cadre,35228.0,0.06,49987.0
2948,43,5,non_cadre,31159.0,0.06,8359.0
2949,44,17,non_cadre,26688.0,0.06,26774.0
2950,44,2,non_cadre,30647.0,0.06,3932.0
2951,23,1,non_cadre,41716.0,0.06,2152.0
2952,43,6,non_cadre,24105.0,0.06,8786.0
2953,62,27,non_cadre,25565.0,0.06,47167.0
2954,40,1,cadre,79962.0,0.1,8265.0
2955,33,11,non_cadre,27634.0,0.06,18110.0
2956,64,4,non_cadre,29906.0,0.06,8150.0
2957,26,4,non_cadre,36340.0,0.06,10282.0
2958,42,14,non_cadre,32900.0,0.06,31184.0
2959,44,22,cadre,51535.0,0.1,109223.0
2960,42,19,non_cadre,31709.0,0.06,37763.0
2961,61,11,cadre,44958.0,0.1,49981.0
2962,40,2,non_cadre,21431.0,0.06,2369.0
2963,63,17,non_cadre,37170.0,0.06,36933.0
2964,24,2,non_cadre,25430.0,0.06,3454.0
2965,53,1,cadre,33804.0,0.1,3111.0
2966,47,17,non_cadre,32114.0,0.06,37860.0
2967,32,6,non_cadre,29551.0,0.06,12730.0
2968,31,7,non_cadre,33069.0,0.06,12815.0
2969,52,0,cadre,43322.0,0.1,0.0
2970,49,11,cadre,80285.0,0.1,104463.0
2971,48,6,non_cadre,40729.0,0.06,12733.0
2972,24,2,cadre,35153.0,0.1,7794.0
2973,47,13,non_cadre,31869.0,0.06,20275.0
2974,64,6,cadre,73826.0,0.1,39610.0
2975,22,0,non_cadre,26053.0,0.06,0.0
2976,42,14,non_cadre,46347.0,0.06,35774.0
2977,43,1,non_cadre,24135.0,0.06,1691.0
2978,60,29,non_cadre,30687.0,0.06,46461.0
2979,34,12,non_cadre,28330.0,0.06,17735.0
2980,42,20,non_cadre,28115.0,0.06,36325.0
2981,52,26,non_cadre,27395.0,0.06,50468.0
2982,24,2,non_cadre,25709.0,0.06,2948.0
2983,56,16,non_cadre,38049.0,0.06,40518.0
2984,57,12,non_cadre,23577.0,0.06,13791.0
2985,52,21,non_cadre,36522.0,0.06,51983.0
2986,49,2,cadre,41205.0,0.1,8977.0
2987,54,25,non_cadre,27800.0,0.06,48316.0
2988,55,9,non_cadre,33372.0,0.06,19012.0
2989,60,0,non_cadre,29067.0,0.06,0.0
2990,40,7,non_cadre,24071.0,0.06,9664.0
2991,41,7,non_cadre,24122.0,0.06,11074.0
2992,49,0,non_cadre,34202.0,0.06,0.0
2993,30,8,cadre,43300.0,0.1,31434.0
2994,58,2,non_cadre,31488.0,0.06,4414.0
2995,55,25,cadre,51926.0,0.1,144312.0
2996,49,13,non_cadre,28879.0,0.06,25827.0
2997,34,12,cadre,56492.0,0.1,64064.0
2998,36,10,non_cadre,21154.0,0.06,14425.0
2999,40,3,cadre,89516.0,0.1,24867.0
3000,50,5,non_cadre,33304.0,0.06,11847.0
3001,55,19,non_cadre,30408.0,0.06,28064.0
3002,50,21,non_cadre,42735.0,0.06,56413.0
3003,61,8,non_cadre,24540.0,0.06,9952.0
3004,63,10,cadre,85989.0,0.1,93512.0
3005,52,28,non_cadre,30809.0,0.06,48937.0
3006,37,15,non_cadre,31499.0,0.06,32552.0
3007,47,12,non_cadre,20511.0,0.06,16970.0
3008,40,7,non_cadre,33843.0,0.06,13464.0
3009,49,9,non_cadre,31528.0,0.06,19136.0
3010,56,16,non_cadre,19635.0,0.06,20215.0
3011,37,15,non_cadre,29308.0,0.06,25602.0
3012,43,5,non_cadre,25521.0,0.06,7176.0
3013,23,1,non_cadre,27400.0,0.06,1453.0
3014,53,14,non_cadre,22956.0,0.06,15914.0
3015,43,21,cadre,47465.0,0.1,100369.0
3016,41,4,cadre,34794.0,0.1,14141.0
3017,44,12,non_cadre,31633.0,0.06,22266.0
3018,31,4,non_cadre,19479.0,0.06,5518.0
3019,47,7,non_cadre,31763.0,0.06,10745.0
3020,54,18,non_cadre,28855.0,0.06,35530.0
3021,37,8,cadre,45405.0,0.1,40695.0
3022,27,5,non_cadre,32199.0,0.06,10659.0
3023,38,16,non_cadre,35771.0,0.06,34682.0
3024,30,5,non_cadre,26246.0,0.06,6899.0
3025,38,5,cadre,50749.0,0.1,29058.0
3026,48,26,non_cadre,20063.0,0.06,34360.0
3027,26,4,non_cadre,26260.0,0.06,7141.0
3028,54,1,non_cadre,29081.0,0.06,1560.0
3029,31,9,non_cadre,27058.0,0.06,14929.0
3030,60,16,non_cadre,26168.0,0.06,24277.0
3031,53,7,non_cadre,33608.0,0.06,14904.0
3032,33,11,non_cadre,32910.0,0.06,23915.0
3033,46,19,non_cadre,31222.0,0.06,30948.0
3034,26,4,non_cadre,35322.0,0.06,7372.0
3035,26,4,cadre,52124.0,0.1,17043.0
3036,63,13,non_cadre,24102.0,0.06,16222.0
3037,56,28,non_cadre,27024.0,0.06,40682.0
3038,28,2,non_cadre,26654.0,0.06,2652.0
3039,34,9,cadre,72442.0,0.1,61434.0
3040,30,8,non_cadre,26899.0,0.06,13816.0
3041,38,16,cadre,40802.0,0.1,72936.0
3042,34,6,non_cadre,35211.0,0.06,11894.0
3043,36,14,non_cadre,33323.0,0.06,23332.0
3044,44,5,non_cadre,30800.0,0.06,10199.0
3045,30,8,non_cadre,40084.0,0.06,18403.0
3046,59,9,cadre,57495.0,0.1,46600.0
3047,53,12,non_cadre,24735.0,0.06,17600.0
3048,54,27,non_cadre,37564.0,0.06,72291.0
3049,29,7,non_cadre,30166.0,0.06,12024.0
3050,52,23,non_cadre,26232.0,0.06,42853.0
3051,57,7,non_cadre,33501.0,0.06,12681.0
3052,29,7,non_cadre,27481.0,0.06,9721.0
3053,54,13,non_cadre,25373.0,0.06,17077.0
3054,37,15,non_cadre,25232.0,0.06,25196.0
3055,55,20,non_cadre,31993.0,0.06,38969.0
3056,42,19,non_cadre,31261.0,0.06,36805.0
3057,56,18,non_cadre,40632.0,0.06,52092.0
3058,28,6,non_cadre,28309.0,0.06,10211.0
3059,38,16,non_cadre,28213.0,0.06,22935.0
3060,33,11,non_cadre,40010.0,0.06,28715.0
3061,32,10,non_cadre,36537.0,0.06,19360.0
3062,35,13,cadre,32578.0,0.1,43733.0
3063,38,5,non_cadre,21955.0,0.06,7520.0
3064,27,5,non_cadre,25504.0,0.06,7581.0
3065,52,23,non_cadre,24298.0,0.06,31040.0
3066,45,19,cadre,43760.0,0.1,85656.0
3067,57,6,cadre,51315.0,0.1,26195.0
3068,52,16,non_cadre,41338.0,0.06,36630.0
3069,28,6,cadre,52041.0,0.1,31276.0
3070,25,3,non_cadre,23782.0,0.06,3860.0
3071,40,1,non_cadre,31504.0,0.06,1542.0
3072,42,11,non_cadre,33298.0,0.06,22725.0
3073,32,10,cadre,58786.0,0.1,56464.0
3074,55,9,non_cadre,21202.0,0.06,10948.0
3075,47,24,non_cadre,28459.0,0.06,49125.0
3076,54,25,non_cadre,39346.0,0.06,49854.0
3077,26,4,cadre,49758.0,0.1,17150.0
3078,57,11,cadre,54146.0,0.1,68525.0
3079,30,1,non_cadre,28993.0,0.06,1482.0
3080,41,19,non_cadre,25377.0,0.06,33762.0
3081,40,18,cadre,69585.0,0.1,133868.0
3082,57,13,non_cadre,40727.0,0.06,32125.0
3083,33,11,cadre,67347.0,0.1,67515.0
3084,32,10,non_cadre,29826.0,0.06,16890.0
3085,36,14,cadre,59036.0,0.1,93427.0
3086,37,4,non_cadre,30049.0,0.06,5935.0
3087,29,7,non_cadre,39542.0,0.06,18392.0
3088,29,7,cadre,62277.0,0.1,49310.0
3089,31,9,non_cadre,20866.0,0.06,12196.0
3090,42,14,cadre,44297.0,0.1,50965.0
3091,36,14,non_cadre,28372.0,0.06,26146.0
3092,38,7,cadre,43001.0,0.1,32788.0
3093,52,19,non_cadre,31425.0,0.06,28847.0
3094,32,7,non_cadre,33195.0,0.06,16130.0
3095,61,10,cadre,35302.0,0.1,30108.0
3096,54,7,non_cadre,22982.0,0.06,11432.0
3097,29,7,cadre,44129.0,0.1,25587.0
3098,35,11,non_cadre,36400.0,0.06,21507.0
3099,29,2,non_cadre,33285.0,0.06,4298.0
3100,33,11,non_cadre,24529.0,0.06,13840.0
3101,37,13,cadre,35734.0,0.1,40600.0
3102,27,5,cadre,52061.0,0.1,20941.0
3103,22,0,non_cadre,30546.0,0.06,0.0
3104,40,18,non_cadre,26824.0,0.06,23612.0
3105,52,5,non_cadre,38843.0,0.06,12271.0
3106,35,13,cadre,39020.0,0.1,52396.0
3107,58,14,non_cadre,20542.0,0.06,17333.0
3108,37,13,non_cadre,28685.0,0.06,21257.0
3109,60,19,non_cadre,33025.0,0.06,34630.0
3110,32,10,non_cadre,32124.0,0.06,22797.0
3111,45,9,non_cadre,32074.0,0.06,19297.0
3112,54,25,non_cadre,40447.0,0.06,70929.0
3113,24,2,non_cadre,24004.0,0.06,3150.0
3114,61,8,non_cadre,27562.0,0.06,14971.0
3115,37,9,cadre,52678.0,0.1,56213.0
3116,43,21,non_cadre,20241.0,0.06,25031.0
3117,49,3,non_cadre,29680.0,0.06,6212.0
3118,49,11,non_cadre,38359.0,0.06,20690.0
3119,23,1,non_cadre,38245.0,0.06,1935.0
3120,59,24,non_cadre,34234.0,0.06,49107.0
3121,48,14,non_cadre,34408.0,0.06,28371.0
3122,64,29,non_cadre,24361.0,0.06,41341.0
3123,42,20,non_cadre,39482.0,0.06,48083.0
3124,48,21,cadre,44759.0,0.1,95437.0
3125,40,18,non_cadre,23882.0,0.06,29616.0
3126,60,4,non_cadre,32420.0,0.06,7301.0
3127,57,13,non_cadre,27183.0,0.06,19644.0
3128,61,17,non_cadre,31266.0,0.06,34467.0
3129,43,6,non_cadre,32699.0,0.06,12471.0
3130,56,3,non_cadre,42812.0,0.06,8723.0
3131,37,4,non_cadre,32719.0,0.06,7253.0
3132,41,19,non_cadre,26509.0,0.06,24254.0
3133,54,19,non_cadre,34346.0,0.06,46109.0
3134,25,3,non_cadre,25402.0,0.06,3739.0
3135,52,22,non_cadre,36011.0,0.06,50957.0
3136,22,0,non_cadre,30390.0,0.06,0.0
3137,46,24,non_cadre,32502.0,0.06,45371.0
3138,42,20,cadre,60567.0,0.1,137513.0
3139,42,20,non_cadre,19126.0,0.06,22213.0
3140,43,5,non_cadre,22218.0,0.06,5717.0
3141,43,21,non_cadre,42536.0,0.06,59050.0
3142,39,11,non_cadre,23845.0,0.06,12717.0
3143,41,12,non_cadre,34732.0,0.06,22754.0
3144,46,19,non_cadre,26386.0,0.06,30538.0
3145,54,18,non_cadre,28594.0,0.06,30113.0
3146,45,12,non_cadre,29733.0,0.06,22437.0
3147,49,27,non_cadre,41677.0,0.06,64312.0
3148,57,5,cadre,47222.0,0.1,22578.0
3149,64,2,non_cadre,32401.0,0.06,3653.0
3150,26,0,cadre,49824.0,0.1,0.0
3151,52,24,non_cadre,26432.0,0.06,30713.0
3152,31,9,non_cadre,37146.0,0.06,23586.0
3153,30,8,non_cadre,35926.0,0.06,16267.0
3154,56,19,non_cadre,35844.0,0.06,38654.0
3155,24,2,non_cadre,29084.0,0.06,3805.0
3156,58,17,non_cadre,27488.0,0.06,26785.0
3157,55,1,non_cadre,25210.0,0.06,1583.0
3158,64,4,cadre,29029.0,0.1,13486.0
3159,50,27,cadre,34589.0,0.1,106323.0
3160,59,13,non_cadre,32284.0,0.06,25336.0
3161,27,5,non_cadre,28661.0,0.06,9343.0
3162,60,11,non_cadre,32703.0,0.06,20655.0
3163,28,6,cadre,44416.0,0.1,29592.0
3164,35,8,cadre,51622.0,0.1,35849.0
3165,27,5,non_cadre,24125.0,0.06,5922.0
3166,39,17,non_cadre,28659.0,0.06,29708.0
3167,54,3,non_cadre,25692.0,0.06,4098.0
3168,33,9,non_cadre,25156.0,0.06,14827.0
3169,57,14,cadre,60293.0,0.1,70949.0
3170,48,16,non_cadre,22077.0,0.06,17027.0
3171,49,26,non_cadre,44962.0,0.06,75070.0
3172,62,27,non_cadre,31784.0,0.06,51507.0
3173,40,8,non_cadre,36541.0,0.06,20711.0
3174,36,14,non_cadre,35690.0,0.06,26951.0
3175,64,0,cadre,49318.0,0.1,0.0
3176,45,18,non_cadre,41828.0,0.06,36557.0
3177,48,4,non_cadre,24160.0,0.06,5669.0
3178,34,2,non_cadre,29076.0,0.06,2932.0
3179,31,9,non_cadre,25296.0,0.06,15166.0
3180,29,5,non_cadre,21370.0,0.06,5313.0
3181,31,9,non_cadre,26284.0,0.06,16582.0
3182,30,3,non_cadre,43628.0,0.06,7981.0
3183,54,22,non_cadre,28977.0,0.06,41254.0
3184,24,2,cadre,42912.0,0.1,7315.0
3185,49,17,non_cadre,45530.0,0.06,38815.0
3186,62,25,non_cadre,54610.0,0.06,77121.0
3187,54,13,non_cadre,43917.0,0.06,34535.0
3188,39,5,non_cadre,48078.0,0.06,14859.0
3189,24,2,non_cadre,32016.0,0.06,3580.0
3190,57,6,non_cadre,31402.0,0.06,10277.0
3191,22,0,non_cadre,31822.0,0.06,0.0
3192,51,9,non_cadre,30000.0,0.06,14727.0
3193,50,6,cadre,46257.0,0.1,23735.0
3194,30,8,non_cadre,34870.0,0.06,15797.0
3195,53,4,non_cadre,27331.0,0.06,6045.0
3196,29,7,non_cadre,22775.0,0.06,9266.0
3197,31,9,non_cadre,32263.0,0.06,18284.0
3198,56,20,cadre,64400.0,0.1,134114.0
3199,64,15,non_cadre,26665.0,0.06,25902.0
3200,33,11,cadre,57678.0,0.1,54733.0
3201,61,13,cadre,34796.0,0.1,37019.0
3202,61,8,non_cadre,37457.0,0.06,20071.0
3203,55,17,non_cadre,29016.0,0.06,26248.0
3204,28,6,non_cadre,37837.0,0.06,12617.0
3205,34,12,non_cadre,31262.0,0.06,22110.0
3206,51,16,non_cadre,29474.0,0.06,30743.0
3207,64,14,non_cadre,30965.0,0.06,22510.0
3208,57,9,non_cadre,23170.0,0.06,14526.0
3209,40,9,non_cadre,32099.0,0.06,16096.0
3210,32,10,non_cadre,35553.0,0.06,25450.0
3211,63,20,non_cadre,36575.0,0.06,40123.0
3212,33,2,non_cadre,22891.0,0.06,2995.0
3213,36,14,non_cadre,22140.0,0.06,17680.0
3214,63,21,non_cadre,26946.0,0.06,38523.0
3215,46,1,cadre,49653.0,0.1,4891.0
3216,33,11,cadre,52769.0,0.1,66649.0
3217,22,0,non_cadre,25694.0,0.06,0.0
3218,40,18,non_cadre,22435.0,0.06,25064.0
3219,64,14,non_cadre,26164.0,0.06,19780.0
3220,40,15,non_cadre,25813.0,0.06,21000.0
3221,52,9,non_cadre,36173.0,0.06,23373.0
3222,32,9,non_cadre,36734.0,0.06,23212.0
3223,55,18,non_cadre,24318.0,0.06,22465.0
3224,55,24,non_cadre,34877.0,0.06,44278.0
3225,48,26,non_cadre,34170.0,0.06,44922.0
3226,55,23,cadre,60743.0,0.1,123019.0
3227,46,18,non_cadre,29501.0,0.06,29188.0
3228,38,15,cadre,44648.0,0.1,76017.0
3229,53,10,non_cadre,30996.0,0.06,15586.0
3230,57,23,non_cadre,21308.0,0.06,33900.0
3231,58,9,cadre,59609.0,0.1,63775.0
3232,31,8,cadre,63393.0,0.1,46287.0
3233,51,26,non_cadre,41146.0,0.06,63064.0
3234,22,0,non_cadre,26244.0,0.06,0.0
3235,46,10,non_cadre,26899.0,0.06,14239.0
3236,46,24,cadre,64883.0,0.1,170144.0
3237,37,15,non_cadre,31799.0,0.06,29535.0
3238,64,9,non_cadre,30588.0,0.06,13955.0
3239,59,15,non_cadre,33854.0,0.06,35295.0
3240,23,1,non_cadre,23955.0,0.06,1324.0
3241,30,8,cadre,41585.0,0.1,28694.0
3242,30,8,non_cadre,25861.0,0.06,14806.0
3243,60,16,non_cadre,29152.0,0.06,23541.0
3244,44,22,non_cadre,42216.0,0.06,45911.0
3245,53,17,non_cadre,22681.0,0.06,20706.0
3246,56,26,cadre,38055.0,0.1,91790.0
3247,55,12,cadre,46724.0,0.1,54584.0
3248,25,3,cadre,52519.0,0.1,16923.0
3249,28,6,non_cadre,36997.0,0.06,12603.0
3250,38,16,cadre,53084.0,0.1,86950.0
3251,36,14,non_cadre,29308.0,0.06,19752.0
3252,54,4,cadre,42360.0,0.1,16164.0
3253,28,1,non_cadre,32050.0,0.06,2265.0
3254,37,15,non_cadre,35343.0,0.06,35306.0
3255,32,10,non_cadre,34614.0,0.06,22769.0
3256,30,8,cadre,50596.0,0.1,37312.0
3257,29,7,non_cadre,29543.0,0.06,12349.0
3258,30,8,cadre,40656.0,0.1,37007.0
3259,46,15,non_cadre,25415.0,0.06,26352.0
3260,39,17,non_cadre,40290.0,0.06,44557.0
3261,40,18,non_cadre,27833.0,0.06,29537.0
3262,42,20,cadre,64372.0,0.1,106763.0
3263,53,23,non_cadre,22639.0,0.06,26485.0
3264,59,18,non_cadre,24154.0,0.06,20872.0
3265,44,1,non_cadre,34941.0,0.06,1978.0
3266,49,12,non_cadre,28020.0,0.06,16328.0
3267,53,4,non_cadre,31902.0,0.06,7457.0
3268,51,15,cadre,33786.0,0.1,52656.0
3269,27,4,non_cadre,29157.0,0.06,7266.0
3270,64,15,non_cadre,28229.0,0.06,25968.0
3271,29,7,non_cadre,31097.0,0.06,11630.0
3272,39,0,cadre,81512.0,0.1,0.0
3273,50,3,non_cadre,41433.0,0.06,8889.0
3274,39,15,non_cadre,28809.0,0.06,25354.0
3275,32,2,non_cadre,27729.0,0.06,3826.0
3276,61,25,non_cadre,27023.0,0.06,38612.0
3277,25,3,non_cadre,40252.0,0.06,7602.0
3278,32,10,non_cadre,34442.0,0.06,20515.0
3279,64,5,non_cadre,20520.0,0.06,6620.0
3280,53,23,non_cadre,20340.0,0.06,32531.0
3281,25,3,non_cadre,25411.0,0.06,4466.0
3282,54,11,non_cadre,31413.0,0.06,22867.0
3283,63,0,non_cadre,29800.0,0.06,0.0
3284,26,4,non_cadre,33253.0,0.06,8905.0
3285,39,17,cadre,48310.0,0.1,66508.0
3286,42,1,cadre,44909.0,0.1,3593.0
3287,27,1,non_cadre,35010.0,0.06,2422.0
3288,30,8,non_cadre,30469.0,0.06,15967.0
3289,29,7,non_cadre,37723.0,0.06,18747.0
3290,29,7,cadre,49219.0,0.1,31593.0
3291,39,12,non_cadre,29494.0,0.06,23682.0
3292,41,7,non_cadre,30837.0,0.06,14514.0
3293,32,1,non_cadre,33839.0,0.06,2321.0
3294,34,0,cadre,49387.0,0.1,0.0
3295,30,2,non_cadre,28478.0,0.06,2923.0
3296,56,20,non_cadre,32502.0,0.06,41825.0
3297,31,9,non_cadre,33004.0,0.06,18567.0
3298,61,13,non_cadre,38032.0,0.06,27691.0
3299,45,2,cadre,51183.0,0.1,9043.0
3300,56,12,non_cadre,29637.0,0.06,24626.0
3301,49,27,non_cadre,34336.0,0.06,47658.0
3302,33,7,non_cadre,28816.0,0.06,11726.0
3303,47,14,cadre,55823.0,0.1,81991.0
3304,33,11,non_cadre,35169.0,0.06,27592.0
3305,27,5,non_cadre,29729.0,0.06,9529.0
3306,32,10,cadre,44860.0,0.1,41359.0
3307,33,11,non_cadre,36360.0,0.06,19780.0
3308,27,5,non_cadre,34592.0,0.06,9621.0
3309,23,1,non_cadre,38394.0,0.06,2113.0
3310,62,17,non_cadre,47793.0,0.06,54971.0
3311,44,1,non_cadre,34528.0,0.06,1969.0
3312,39,0,non_cadre,27356.0,0.06,0.0
3313,61,12,cadre,48616.0,0.1,66973.0
3314,31,9,non_cadre,32949.0,0.06,14362.0
3315,39,1,cadre,83724.0,0.1,6708.0
3316,58,2,non_cadre,40455.0,0.06,4806.0
3317,49,20,non_cadre,21421.0,0.06,21276.0
3318,39,13,non_cadre,40608.0,0.06,27583.0
3319,33,6,non_cadre,43436.0,0.06,18672.0
3320,23,1,non_cadre,33610.0,0.06,2294.0
3321,25,3,cadre,60371.0,0.1,20024.0
3322,28,6,non_cadre,28585.0,0.06,10994.0
3323,55,19,cadre,86042.0,0.1,133911.0
3324,49,8,non_cadre,34494.0,0.06,18782.0
3325,40,15,non_cadre,34053.0,0.06,30294.0
3326,55,25,cadre,73041.0,0.1,153263.0
3327,28,6,non_cadre,34006.0,0.06,11266.0
3328,31,9,non_cadre,35905.0,0.06,19404.0
3329,38,4,non_cadre,35111.0,0.06,6787.0
3330,61,19,non_cadre,24443.0,0.06,25105.0
3331,48,0,cadre,51482.0,0.1,0.0
3332,58,7,non_cadre,43507.0,0.06,18008.0
3333,32,10,cadre,30491.0,0.1,24417.0
3334,58,0,non_cadre,40492.0,0.06,0.0
3335,25,3,cadre,52373.0,0.1,13812.0
3336,31,9,non_cadre,29822.0,0.06,16730.0
3337,44,11,non_cadre,26389.0,0.06,15599.0
3338,24,2,cadre,54470.0,0.1,10470.0
3339,58,19,non_cadre,41650.0,0.06,49829.0
3340,59,13,non_cadre,29411.0,0.06,24377.0
3341,45,23,cadre,61744.0,0.1,115347.0
3342,35,13,non_cadre,41734.0,0.06,33009.0
3343,26,4,non_cadre,29803.0,0.06,8059.0
3344,48,21,non_cadre,30789.0,0.06,34239.0
3345,45,9,non_cadre,34741.0,0.06,19000.0
3346,54,29,non_cadre,25348.0,0.06,43181.0
3347,47,7,non_cadre,30668.0,0.06,14684.0
3348,27,5,cadre,67088.0,0.1,32722.0
3349,27,5,cadre,30789.0,0.1,18128.0
3350,55,23,cadre,42007.0,0.1,102507.0
3351,28,3,non_cadre,33313.0,0.06,6144.0
3352,62,16,non_cadre,29033.0,0.06,25552.0
3353,26,4,non_cadre,31360.0,0.06,7817.0
3354,53,18,cadre,26490.0,0.1,40649.0
3355,63,16,non_cadre,33512.0,0.06,31094.0
3356,40,18,non_cadre,34576.0,0.06,34122.0
3357,24,2,non_cadre,41321.0,0.06,5296.0
3358,59,19,cadre,53937.0,0.1,113302.0
3359,30,8,non_cadre,24333.0,0.06,13682.0
3360,44,22,cadre,39905.0,0.1,78032.0
3361,64,5,cadre,51779.0,0.1,29874.0
3362,54,21,non_cadre,35871.0,0.06,51452.0
3363,23,1,non_cadre,25758.0,0.06,1770.0
3364,57,3,non_cadre,32424.0,0.06,6398.0
3365,28,6,non_cadre,24090.0,0.06,7867.0
3366,54,20,non_cadre,30385.0,0.06,41973.0
3367,48,10,cadre,47347.0,0.1,49232.0
3368,34,12,non_cadre,25170.0,0.06,19867.0
3369,40,14,non_cadre,28235.0,0.06,20921.0
3370,27,5,cadre,53669.0,0.1,23157.0
3371,64,29,non_cadre,23789.0,0.06,37698.0
3372,32,10,non_cadre,35082.0,0.06,21145.0
3373,35,13,cadre,81365.0,0.1,102247.0
3374,43,3,non_cadre,24200.0,0.06,5031.0
3375,50,27,non_cadre,33474.0,0.06,43665.0
3376,43,4,non_cadre,25168.0,0.06,5026.0
3377,43,5,non_cadre,34660.0,0.06,9672.0
3378,47,2,non_cadre,29314.0,0.06,3050.0
3379,58,28,non_cadre,28111.0,0.06,45465.0
3380,38,14,non_cadre,29459.0,0.06,26899.0
3381,57,7,non_cadre,50054.0,0.06,25172.0
3382,55,2,non_cadre,25776.0,0.06,2725.0
3383,63,12,cadre,77202.0,0.1,83970.0
3384,61,21,non_cadre,35074.0,0.06,48944.0
3385,56,29,cadre,52245.0,0.1,137696.0
3386,32,10,non_cadre,21810.0,0.06,14153.0
3387,55,18,non_cadre,26602.0,0.06,29690.0
3388,53,25,non_cadre,34921.0,0.06,59817.0
3389,34,12,non_cadre,28017.0,0.06,16407.0
3390,51,8,non_cadre,28645.0,0.06,16388.0
3391,32,10,non_cadre,35994.0,0.06,25607.0
3392,44,15,non_cadre,25532.0,0.06,18589.0
3393,56,27,non_cadre,29472.0,0.06,47735.0
3394,30,3,non_cadre,22163.0,0.06,3832.0
3395,36,2,cadre,54746.0,0.1,9873.0
3396,56,26,non_cadre,31409.0,0.06,58363.0
3397,41,19,non_cadre,35174.0,0.06,34879.0
3398,63,5,non_cadre,23859.0,0.06,6481.0
3399,22,0,non_cadre,28870.0,0.06,0.0
3400,53,3,non_cadre,23231.0,0.06,4316.0
3401,57,20,non_cadre,28559.0,0.06,39217.0
3402,61,6,cadre,66936.0,0.1,42120.0
3403,28,2,non_cadre,28136.0,0.06,3581.0
3404,64,24,non_cadre,22829.0,0.06,27171.0
3405,38,16,non_cadre,26186.0,0.06,27299.0
3406,37,3,non_cadre,21737.0,0.06,3770.0
3407,37,2,cadre,40398.0,0.1,7995.0
3408,49,18,non_cadre,34309.0,0.06,38314.0
3409,50,0,non_cadre,22465.0,0.06,0.0
3410,42,20,non_cadre,31934.0,0.06,42125.0
3411,25,3,non_cadre,30155.0,0.06,5827.0
3412,64,22,non_cadre,26974.0,0.06,34636.0
3413,31,6,non_cadre,31396.0,0.06,9198.0
3414,26,4,non_cadre,24870.0,0.06,6061.0
3415,47,20,cadre,72470.0,0.1,154267.0
3416,39,1,non_cadre,26089.0,0.06,1693.0
3417,48,16,non_cadre,27769.0,0.06,27809.0
3418,59,13,non_cadre,27116.0,0.06,19462.0
3419,26,4,non_cadre,34436.0,0.06,7342.0
3420,34,6,cadre,47708.0,0.1,23931.0
3421,44,22,non_cadre,17758.0,0.06,25342.0
3422,55,20,non_cadre,31565.0,0.06,45011.0
3423,47,7,non_cadre,21164.0,0.06,8978.0
3424,38,10,non_cadre,28020.0,0.06,17977.0
3425,48,1,non_cadre,29358.0,0.06,1897.0
3426,64,13,non_cadre,27960.0,0.06,18855.0
3427,42,7,non_cadre,33161.0,0.06,12211.0
3428,59,3,cadre,34280.0,0.1,9084.0
3429,55,16,non_cadre,25700.0,0.06,28944.0
3430,34,12,non_cadre,25514.0,0.06,14811.0
3431,32,2,cadre,40892.0,0.1,8313.0
3432,55,5,cadre,35309.0,0.1,16787.0
3433,30,2,non_cadre,27270.0,0.06,3481.0
3434,36,14,non_cadre,39284.0,0.06,29309.0
3435,32,10,non_cadre,22197.0,0.06,15775.0
3436,48,2,non_cadre,28027.0,0.06,3136.0
3437,34,5,non_cadre,26649.0,0.06,9357.0
3438,50,28,non_cadre,44802.0,0.06,77953.0
3439,62,7,non_cadre,26940.0,0.06,10928.0
3440,57,20,cadre,34640.0,0.1,75761.0
3441,62,14,non_cadre,24411.0,0.06,20940.0
3442,23,1,non_cadre,30056.0,0.06,1543.0
3443,41,9,non_cadre,31666.0,0.06,18498.0
3444,31,0,non_cadre,25129.0,0.06,0.0
3445,61,22,non_cadre,36560.0,0.06,49526.0
3446,52,10,cadre,77173.0,0.1,84524.0
3447,35,13,non_cadre,35573.0,0.06,29450.0
3448,46,4,non_cadre,28094.0,0.06,6382.0
3449,48,24,cadre,46912.0,0.1,104414.0
3450,43,6,non_cadre,28748.0,0.06,9318.0
3451,42,16,non_cadre,40154.0,0.06,39707.0
3452,24,2,cadre,35686.0,0.1,6566.0
3453,41,19,cadre,75127.0,0.1,121069.0
3454,36,14,non_cadre,27373.0,0.06,25593.0
3455,57,26,cadre,47703.0,0.1,109598.0
3456,59,5,cadre,72052.0,0.1,31197.0
3457,54,28,non_cadre,35344.0,0.06,67667.0
3458,23,1,non_cadre,26161.0,0.06,1697.0
3459,58,12,non_cadre,30769.0,0.06,24512.0
3460,39,7,non_cadre,31126.0,0.06,12290.0
3461,39,17,non_cadre,32229.0,0.06,34418.0
3462,62,29,non_cadre,21321.0,0.06,43512.0
3463,59,20,non_cadre,24934.0,0.06,27320.0
3464,24,0,non_cadre,22829.0,0.06,0.0
3465,37,14,non_cadre,30198.0,0.06,22027.0
3466,54,21,non_cadre,25053.0,0.06,36585.0
3467,45,11,non_cadre,27166.0,0.06,16363.0
3468,33,11,non_cadre,23626.0,0.06,15539.0
3469,44,21,non_cadre,27676.0,0.06,35354.0
3470,59,2,non_cadre,23960.0,0.06,3404.0
3471,31,9,non_cadre,34910.0,0.06,17354.0
3472,54,5,non_cadre,33018.0,0.06,9990.0
3473,53,14,non_cadre,30915.0,0.06,30727.0
3474,60,11,cadre,43324.0,0.1,41963.0
3475,34,12,non_cadre,19959.0,0.06,14933.0
3476,31,9,cadre,45561.0,0.1,33847.0
3477,45,13,non_cadre,25762.0,0.06,18189.0
3478,44,16,non_cadre,31521.0,0.06,25046.0
3479,39,17,non_cadre,33958.0,0.06,32284.0
3480,55,19,non_cadre,32012.0,0.06,32208.0
3481,56,19,cadre,70539.0,0.1,150022.0
3482,32,10,cadre,65265.0,0.1,64309.0
3483,56,29,non_cadre,26556.0,0.06,44452.0
3484,31,9,non_cadre,36921.0,0.06,21471.0
3485,39,4,non_cadre,31014.0,0.06,8775.0
3486,23,1,non_cadre,28554.0,0.06,1577.0
3487,36,13,non_cadre,43402.0,0.06,27987.0
3488,63,15,cadre,62710.0,0.1,79383.0
3489,41,15,non_cadre,28878.0,0.06,29704.0
3490,52,21,non_cadre,26154.0,0.06,37513.0
3491,26,4,cadre,59359.0,0.1,23510.0
3492,49,7,non_cadre,31268.0,0.06,11282.0
3493,37,13,non_cadre,30147.0,0.06,23764.0
3494,53,25,non_cadre,34345.0,0.06,54988.0
3495,61,9,non_cadre,35774.0,0.06,18022.0
3496,44,0,non_cadre,33487.0,0.06,0.0
3497,26,4,cadre,39051.0,0.1,14508.0
3498,42,5,non_cadre,32834.0,0.06,10601.0
3499,27,5,non_cadre,33521.0,0.06,11981.0
3500,41,19,cadre,55857.0,0.1,92972.0
3501,24,2,cadre,53390.0,0.1,12449.0
3502,49,10,non_cadre,23440.0,0.06,13820.0
3503,35,8,cadre,44546.0,0.1,37963.0
3504,30,4,non_cadre,22962.0,0.06,6313.0
3505,22,0,non_cadre,29417.0,0.06,0.0
3506,60,5,non_cadre,26761.0,0.06,6620.0
3507,57,13,non_cadre,30826.0,0.06,21792.0
3508,56,15,cadre,45622.0,0.1,76724.0
3509,24,0,non_cadre,24777.0,0.06,0.0
3510,37,15,non_cadre,29824.0,0.06,25006.0
3511,63,20,non_cadre,39644.0,0.06,49158.0
3512,46,2,non_cadre,23075.0,0.06,2513.0
3513,27,5,non_cadre,25289.0,0.06,6801.0
3514,28,0,non_cadre,35636.0,0.06,0.0
3515,33,11,non_cadre,30469.0,0.06,19306.0
3516,63,13,non_cadre,30921.0,0.06,21938.0
3517,29,7,non_cadre,36806.0,0.06,14897.0
3518,60,28,cadre,53136.0,0.1,173814.0
3519,51,27,non_cadre,27040.0,0.06,38212.0
3520,61,8,cadre,57033.0,0.1,39882.0
3521,57,17,non_cadre,27982.0,0.06,26872.0
3522,36,14,non_cadre,39217.0,0.06,27150.0
3523,57,21,non_cadre,21348.0,0.06,22325.0
3524,29,7,non_cadre,23626.0,0.06,7982.0
3525,34,12,cadre,68111.0,0.1,70166.0
3526,31,8,non_cadre,39707.0,0.06,20130.0
3527,27,5,non_cadre,26531.0,0.06,6993.0
3528,25,3,non_cadre,28103.0,0.06,4811.0
3529,30,8,non_cadre,21721.0,0.06,11283.0
3530,27,5,non_cadre,28466.0,0.06,6941.0
3531,38,16,non_cadre,35677.0,0.06,30264.0
3532,25,3,cadre,108943.0,0.1,39166.0
3533,24,2,cadre,43224.0,0.1,8980.0
3534,64,12,non_cadre,21938.0,0.06,16806.0
3535,25,3,non_cadre,28095.0,0.06,5090.0
3536,25,3,cadre,40212.0,0.1,14312.0
3537,23,1,cadre,55107.0,0.1,4727.0
3538,27,5,non_cadre,34198.0,0.06,8484.0
3539,44,0,cadre,49153.0,0.1,0.0
3540,57,22,non_cadre,26990.0,0.06,28560.0
3541,53,15,cadre,63767.0,0.1,98006.0
3542,46,24,cadre,60360.0,0.1,115973.0
3543,25,3,non_cadre,37736.0,0.06,6380.0
3544,55,14,non_cadre,45061.0,0.06,40136.0
3545,23,1,non_cadre,24106.0,0.06,1474.0
3546,49,24,non_cadre,34991.0,0.06,51594.0
3547,39,17,non_cadre,38947.0,0.06,34281.0
3548,59,25,non_cadre,24706.0,0.06,34016.0
3549,35,2,non_cadre,26740.0,0.06,3478.0
3550,49,6,non_cadre,26680.0,0.06,7773.0
3551,40,18,non_cadre,29214.0,0.06,32754.0
3552,44,1,non_cadre,27936.0,0.06,1688.0
3553,62,15,non_cadre,28834.0,0.06,24331.0
3554,52,12,non_cadre,35474.0,0.06,23853.0
3555,39,17,non_cadre,20533.0,0.06,23448.0
3556,41,19,cadre,50491.0,0.1,91405.0
3557,52,26,non_cadre,34301.0,0.06,44517.0
3558,36,8,non_cadre,33507.0,0.06,19056.0
3559,29,7,non_cadre,24276.0,0.06,8688.0
3560,42,20,non_cadre,33553.0,0.06,45054.0
3561,24,2,non_cadre,39118.0,0.06,3782.0
3562,29,0,cadre,52955.0,0.1,0.0
3563,40,18,non_cadre,24523.0,0.06,26646.0
3564,56,10,cadre,65656.0,0.1,53307.0
3565,55,3,non_cadre,42343.0,0.06,8335.0
3566,33,11,non_cadre,25128.0,0.06,14996.0
3567,40,18,non_cadre,30236.0,0.06,33193.0
3568,28,3,non_cadre,37309.0,0.06,7501.0
3569,54,1,non_cadre,30700.0,0.06,1909.0
3570,32,10,non_cadre,21152.0,0.06,12466.0
3571,56,28,non_cadre,32782.0,0.06,51463.0
3572,58,4,non_cadre,24666.0,0.06,4843.0
3573,51,27,non_cadre,23267.0,0.06,43920.0
3574,36,14,non_cadre,21235.0,0.06,18493.0
3575,62,29,non_cadre,38064.0,0.06,69716.0
3576,51,6,non_cadre,25387.0,0.06,8922.0
3577,49,17,cadre,52017.0,0.1,83927.0
3578,58,29,non_cadre,33683.0,0.06,47980.0
3579,59,27,non_cadre,30987.0,0.06,43552.0
3580,25,3,cadre,42663.0,0.1,12418.0
3581,59,5,non_cadre,32376.0,0.06,8709.0
3582,54,2,non_cadre,30840.0,0.06,3026.0
3583,30,7,non_cadre,25769.0,0.06,11022.0
3584,35,1,cadre,39032.0,0.1,3847.0
3585,54,5,non_cadre,29377.0,0.06,8536.0
3586,31,2,non_cadre,29252.0,0.06,3909.0
3587,41,19,cadre,40892.0,0.1,80788.0
3588,51,17,non_cadre,37395.0,0.06,30536.0
3589,49,15,non_cadre,32136.0,0.06,31952.0
3590,61,24,non_cadre,25509.0,0.06,36477.0
3591,26,4,non_cadre,19394.0,0.06,4686.0
3592,34,12,cadre,90626.0,0.1,125698.0
3593,64,6,non_cadre,22927.0,0.06,6964.0
3594,46,13,non_cadre,25923.0,0.06,21024.0
3595,32,5,cadre,54312.0,0.1,24790.0
3596,34,12,non_cadre,30511.0,0.06,17897.0
3597,36,14,non_cadre,43503.0,0.06,35627.0
3598,45,15,non_cadre,33043.0,0.06,27165.0
3599,34,8,non_cadre,43949.0,0.06,16889.0
3600,48,20,non_cadre,34613.0,0.06,41418.0
3601,41,19,non_cadre,37276.0,0.06,39284.0
3602,48,14,cadre,42127.0,0.1,57424.0
3603,28,6,non_cadre,24199.0,0.06,7010.0
3604,48,21,non_cadre,27424.0,0.06,33197.0
3605,61,5,non_cadre,29929.0,0.06,8872.0
3606,27,5,non_cadre,26458.0,0.06,7830.0
3607,36,9,cadre,32204.0,0.1,31499.0
3608,51,10,non_cadre,32608.0,0.06,23410.0
3609,48,21,non_cadre,24535.0,0.06,25076.0
3610,51,0,cadre,44105.0,0.1,0.0
3611,46,6,cadre,100339.0,0.1,68794.0
3612,51,3,non_cadre,28626.0,0.06,5412.0
3613,48,11,non_cadre,24607.0,0.06,19382.0
3614,25,3,cadre,57200.0,0.1,18625.0
3615,54,5,cadre,43436.0,0.1,23666.0
3616,41,10,non_cadre,33652.0,0.06,16767.0
3617,24,2,non_cadre,26286.0,0.06,2871.0
3618,39,17,non_cadre,23113.0,0.06,24366.0
3619,40,0,cadre,75706.0,0.1,0.0
3620,25,3,non_cadre,34203.0,0.06,6803.0
3621,64,0,non_cadre,35839.0,0.06,0.0
3622,31,9,non_cadre,32194.0,0.06,15346.0
3623,36,14,cadre,59173.0,0.1,80470.0
3624,40,18,non_cadre,42395.0,0.06,52505.0
3625,57,6,non_cadre,27236.0,0.06,11131.0
3626,53,7,cadre,52480.0,0.1,41397.0
3627,55,23,non_cadre,28477.0,0.06,41191.0
3628,32,10,non_cadre,36788.0,0.06,26427.0
3629,58,8,non_cadre,34567.0,0.06,15649.0
3630,57,0,non_cadre,20202.0,0.06,0.0
3631,41,13,non_cadre,24728.0,0.06,16453.0
3632,45,18,non_cadre,23499.0,0.06,24726.0
3633,23,1,cadre,34437.0,0.1,3864.0
3634,54,28,non_cadre,35768.0,0.06,58957.0
3635,63,24,cadre,49189.0,0.1,123313.0
3636,42,20,non_cadre,28493.0,0.06,32250.0
3637,45,0,non_cadre,35589.0,0.06,0.0
3638,43,21,non_cadre,40371.0,0.06,43810.0
3639,25,3,non_cadre,31276.0,0.06,5675.0
3640,48,11,cadre,51327.0,0.1,49349.0
3641,53,17,non_cadre,28562.0,0.06,28767.0
3642,61,24,non_cadre,33405.0,0.06,46766.0
3643,61,27,cadre,48822.0,0.1,137333.0
3644,43,16,non_cadre,32903.0,0.06,31707.0
3645,63,1,non_cadre,32678.0,0.06,2334.0
3646,44,18,non_cadre,29694.0,0.06,37205.0
3647,49,20,non_cadre,21815.0,0.06,24022.0
3648,47,1,cadre,39948.0,0.1,3389.0
3649,64,24,non_cadre,23203.0,0.06,27595.0
3650,53,6,non_cadre,33956.0,0.06,10747.0
3651,27,5,non_cadre,34895.0,0.06,9305.0
3652,25,3,non_cadre,23882.0,0.06,4967.0
3653,39,9,non_cadre,26566.0,0.06,16783.0
3654,44,1,cadre,70958.0,0.1,6331.0
3655,50,0,non_cadre,29527.0,0.06,0.0
3656,42,20,cadre,63604.0,0.1,144293.0
3657,44,11,cadre,73054.0,0.1,76422.0
3658,61,25,non_cadre,25704.0,0.06,44287.0
3659,36,6,non_cadre,20432.0,0.06,8793.0
3660,43,21,non_cadre,33286.0,0.06,49788.0
3661,45,23,non_cadre,24975.0,0.06,37800.0
3662,42,3,non_cadre,31990.0,0.06,5463.0
3663,63,19,non_cadre,25500.0,0.06,25896.0
3664,63,28,non_cadre,34558.0,0.06,69503.0
3665,44,9,cadre,65091.0,0.1,53337.0
3666,41,2,non_cadre,17874.0,0.06,2092.0
3667,47,25,non_cadre,32382.0,0.06,43990.0
3668,29,7,non_cadre,28311.0,0.06,11872.0
3669,40,0,non_cadre,39827.0,0.06,0.0
3670,31,9,non_cadre,32467.0,0.06,19700.0
3671,28,6,cadre,60047.0,0.1,36102.0
3672,26,2,non_cadre,26026.0,0.06,3023.0
3673,47,7,non_cadre,25615.0,0.06,10169.0
3674,22,0,cadre,52299.0,0.1,0.0
3675,49,27,cadre,69285.0,0.1,208013.0
3676,40,0,non_cadre,39205.0,0.06,0.0
3677,37,15,non_cadre,29094.0,0.06,29762.0
3678,55,15,non_cadre,23482.0,0.06,20673.0
3679,45,17,non_cadre,25424.0,0.06,29397.0
3680,53,24,non_cadre,36387.0,0.06,52997.0
3681,52,26,cadre,52241.0,0.1,143334.0
3682,23,1,non_cadre,28705.0,0.06,1843.0
3683,31,0,non_cadre,37086.0,0.06,0.0
3684,46,3,non_cadre,24984.0,0.06,4472.0
3685,63,20,cadre,50389.0,0.1,108541.0
3686,28,6,cadre,35914.0,0.1,19893.0
3687,26,2,non_cadre,31488.0,0.06,4152.0
3688,62,7,non_cadre,28540.0,0.06,11287.0
3689,63,16,cadre,60078.0,0.1,99412.0
3690,29,7,non_cadre,36760.0,0.06,17524.0
3691,39,10,non_cadre,30997.0,0.06,15051.0
3692,48,26,non_cadre,32427.0,0.06,45332.0
3693,30,8,cadre,68291.0,0.1,55970.0
3694,36,14,cadre,77305.0,0.1,91175.0
3695,38,13,non_cadre,31873.0,0.06,21933.0
3696,49,26,non_cadre,35970.0,0.06,61704.0
3697,35,13,cadre,62000.0,0.1,65313.0
3698,39,15,non_cadre,34655.0,0.06,32562.0
3699,34,12,cadre,53719.0,0.1,52451.0
3700,54,24,cadre,49766.0,0.1,101089.0
3701,28,6,non_cadre,29911.0,0.06,10296.0
3702,31,5,non_cadre,24776.0,0.06,8815.0
3703,32,10,cadre,46572.0,0.1,47426.0
3704,60,2,non_cadre,37610.0,0.06,4174.0
3705,62,20,non_cadre,24806.0,0.06,28711.0
3706,43,19,non_cadre,29725.0,0.06,34819.0
3707,28,6,cadre,42058.0,0.1,26440.0
3708,54,1,cadre,47804.0,0.1,4337.0
3709,43,14,cadre,42947.0,0.1,52846.0
3710,58,26,non_cadre,19284.0,0.06,30027.0
3711,37,7,non_cadre,30230.0,0.06,13432.0
3712,64,20,cadre,49508.0,0.1,111555.0
3713,56,25,non_cadre,30967.0,0.06,48175.0
3714,31,9,non_cadre,33772.0,0.06,19641.0
3715,53,15,cadre,39926.0,0.1,59505.0
3716,34,9,cadre,71865.0,0.1,66405.0
3717,37,15,cadre,65848.0,0.1,104123.0
3718,32,10,cadre,41511.0,0.1,37133.0
3719,51,18,non_cadre,23714.0,0.06,30058.0
3720,33,11,cadre,56429.0,0.1,58232.0
3721,49,21,non_cadre,31692.0,0.06,41604.0
3722,47,7,non_cadre,26579.0,0.06,11435.0
3723,54,22,non_cadre,30860.0,0.06,46493.0
3724,64,16,non_cadre,29176.0,0.06,23680.0
3725,22,0,non_cadre,35065.0,0.06,0.0
3726,64,19,non_cadre,27913.0,0.06,27201.0
3727,26,4,non_cadre,31394.0,0.06,6463.0
3728,44,22,non_cadre,26496.0,0.06,40043.0
3729,36,14,cadre,47362.0,0.1,59864.0
3730,49,22,non_cadre,31047.0,0.06,42815.0
3731,53,17,cadre,58654.0,0.1,98260.0
3732,58,3,non_cadre,35209.0,0.06,7439.0
3733,39,11,non_cadre,33772.0,0.06,24805.0
3734,62,14,non_cadre,25743.0,0.06,20197.0
3735,35,13,non_cadre,31310.0,0.06,27484.0
3736,30,8,non_cadre,25720.0,0.06,10991.0
3737,38,13,non_cadre,21766.0,0.06,17762.0
3738,44,4,non_cadre,26622.0,0.06,7032.0
3739,50,21,non_cadre,29700.0,0.06,40463.0
3740,57,12,non_cadre,33297.0,0.06,25476.0
3741,31,1,cadre,62360.0,0.1,7059.0
3742,35,8,non_cadre,35972.0,0.06,17655.0
3743,62,26,cadre,46235.0,0.1,140808.0
3744,40,3,non_cadre,27823.0,0.06,4297.0
3745,32,10,non_cadre,41682.0,0.06,23566.0
3746,64,15,non_cadre,20389.0,0.06,20427.0
3747,41,2,non_cadre,27407.0,0.06,3036.0
3748,64,4,non_cadre,24213.0,0.06,5679.0
3749,61,28,non_cadre,28850.0,0.06,53758.0
3750,60,17,non_cadre,27503.0,0.06,28486.0
3751,47,6,non_cadre,33839.0,0.06,10660.0
3752,56,5,non_cadre,31573.0,0.06,8240.0
3753,63,12,non_cadre,23106.0,0.06,15314.0
3754,33,11,non_cadre,26671.0,0.06,16216.0
3755,23,1,cadre,77560.0,0.1,6629.0
3756,35,5,cadre,46395.0,0.1,26303.0
3757,49,21,non_cadre,48803.0,0.06,56145.0
3758,45,23,cadre,50971.0,0.1,131407.0
3759,25,3,non_cadre,24501.0,0.06,5245.0
3760,46,0,cadre,59441.0,0.1,0.0
3761,29,7,non_cadre,31106.0,0.06,15522.0
3762,43,15,cadre,56456.0,0.1,74224.0
3763,46,23,non_cadre,32958.0,0.06,48165.0
3764,49,9,non_cadre,19047.0,0.06,12306.0
3765,39,8,non_cadre,33509.0,0.06,18068.0
3766,39,6,non_cadre,27274.0,0.06,8757.0
3767,51,6,non_cadre,29349.0,0.06,9540.0
3768,54,14,non_cadre,40219.0,0.06,30574.0
3769,56,3,non_cadre,23310.0,0.06,4939.0
3770,36,14,cadre,46765.0,0.1,58804.0
3771,40,15,cadre,67072.0,0.1,100995.0
3772,36,14,non_cadre,31040.0,0.06,24508.0
3773,44,15,non_cadre,21723.0,0.06,18466.0
3774,27,5,non_cadre,39302.0,0.06,11358.0
3775,40,15,non_cadre,28758.0,0.06,24278.0
3776,30,4,cadre,55872.0,0.1,23242.0
3777,44,22,non_cadre,28194.0,0.06,36107.0
3778,58,21,non_cadre,27793.0,0.06,34193.0
3779,64,4,non_cadre,23645.0,0.06,5688.0
3780,41,17,cadre,44848.0,0.1,71856.0
3781,24,2,non_cadre,26622.0,0.06,3520.0
3782,31,6,cadre,46302.0,0.1,27820.0
3783,26,3,non_cadre,33272.0,0.06,6011.0
3784,54,22,non_cadre,41526.0,0.06,48452.0
3785,64,7,non_cadre,28757.0,0.06,9811.0
3786,45,15,cadre,86515.0,0.1,145827.0
3787,29,7,non_cadre,22359.0,0.06,10726.0
3788,22,0,non_cadre,46519.0,0.06,0.0
3789,63,1,non_cadre,34248.0,0.06,1940.0
3790,35,10,non_cadre,26120.0,0.06,14782.0
3791,26,4,non_cadre,42091.0,0.06,10846.0
3792,29,7,non_cadre,39347.0,0.06,14458.0
3793,32,10,non_cadre,22896.0,0.06,16368.0
3794,50,5,non_cadre,25803.0,0.06,6384.0
3795,60,13,non_cadre,29216.0,0.06,27107.0
3796,33,11,non_cadre,24220.0,0.06,13228.0
3797,51,10,non_cadre,29426.0,0.06,16367.0
3798,24,2,non_cadre,34591.0,0.06,3737.0
3799,22,0,cadre,52541.0,0.1,0.0
3800,24,2,non_cadre,31811.0,0.06,4573.0
3801,61,20,cadre,82287.0,0.1,161832.0
3802,47,23,non_cadre,32500.0,0.06,38024.0
3803,56,23,cadre,45724.0,0.1,125453.0
3804,22,0,cadre,32265.0,0.1,0.0
3805,22,0,non_cadre,35423.0,0.06,0.0
3806,58,0,non_cadre,23708.0,0.06,0.0
3807,26,4,cadre,50610.0,0.1,19946.0
3808,28,6,non_cadre,30153.0,0.06,12671.0
3809,44,22,non_cadre,37574.0,0.06,40015.0
3810,48,14,non_cadre,26700.0,0.06,24448.0
3811,31,9,non_cadre,27157.0,0.06,13259.0
3812,41,17,non_cadre,23402.0,0.06,21188.0
3813,51,16,non_cadre,32742.0,0.06,33995.0
3814,41,19,non_cadre,27562.0,0.06,34536.0
3815,38,14,non_cadre,25249.0,0.06,21710.0
3816,25,3,non_cadre,25735.0,0.06,4081.0
3817,41,11,non_cadre,33402.0,0.06,17692.0
3818,56,26,non_cadre,24061.0,0.06,41098.0
3819,48,22,non_cadre,24492.0,0.06,33618.0
3820,60,4,non_cadre,35890.0,0.06,8347.0
3821,27,5,non_cadre,29020.0,0.06,7709.0
3822,22,0,non_cadre,36317.0,0.06,0.0
3823,45,19,non_cadre,27920.0,0.06,26366.0
3824,29,1,non_cadre,29993.0,0.06,1902.0
3825,47,21,non_cadre,30953.0,0.06,41940.0
3826,60,22,non_cadre,39593.0,0.06,46477.0
3827,36,6,non_cadre,38954.0,0.06,13930.0
3828,45,4,non_cadre,37782.0,0.06,9141.0
3829,51,18,cadre,58046.0,0.1,108298.0
3830,28,6,non_cadre,24627.0,0.06,10288.0
3831,60,28,cadre,78819.0,0.1,224791.0
3832,30,8,non_cadre,39510.0,0.06,15683.0
3833,56,28,cadre,68473.0,0.1,179835.0
3834,50,16,non_cadre,30078.0,0.06,30357.0
3835,28,6,non_cadre,34701.0,0.06,11659.0
3836,53,0,cadre,50819.0,0.1,0.0
3837,30,8,non_cadre,30907.0,0.06,12995.0
3838,47,0,non_cadre,31177.0,0.06,0.0
3839,63,20,cadre,66017.0,0.1,117829.0
3840,62,15,non_cadre,25625.0,0.06,26532.0
3841,59,8,cadre,54646.0,0.1,46881.0
3842,43,9,cadre,50629.0,0.1,45932.0
3843,46,19,cadre,28114.0,0.1,49150.0
3844,34,5,non_cadre,30870.0,0.06,10812.0
3845,61,15,non_cadre,29758.0,0.06,30947.0
3846,42,18,non_cadre,34939.0,0.06,36216.0
3847,55,7,non_cadre,38603.0,0.06,17852.0
3848,37,6,non_cadre,39097.0,0.06,16403.0
3849,53,10,non_cadre,39841.0,0.06,22120.0
3850,31,9,non_cadre,25785.0,0.06,12970.0
3851,53,7,non_cadre,22529.0,0.06,9636.0
3852,23,1,cadre,44665.0,0.1,4303.0
3853,26,4,cadre,58227.0,0.1,25727.0
3854,37,5,non_cadre,40952.0,0.06,12467.0
3855,42,17,non_cadre,33056.0,0.06,29831.0
3856,52,4,cadre,64315.0,0.1,24248.0
3857,37,4,non_cadre,32276.0,0.06,8277.0
3858,22,0,non_cadre,33525.0,0.06,0.0
3859,35,8,non_cadre,38537.0,0.06,17330.0
3860,40,0,cadre,51741.0,0.1,0.0
3861,45,23,cadre,55854.0,0.1,144952.0
3862,49,9,non_cadre,26675.0,0.06,12199.0
3863,32,10,non_cadre,24419.0,0.06,12174.0
3864,48,26,non_cadre,33381.0,0.06,58044.0
3865,49,24,cadre,41311.0,0.1,82867.0
3866,55,24,non_cadre,40295.0,0.06,62302.0
3867,44,3,cadre,84216.0,0.1,24051.0
3868,56,11,non_cadre,33602.0,0.06,25031.0
3869,31,9,non_cadre,31980.0,0.06,15078.0
3870,52,17,non_cadre,28785.0,0.06,24480.0
3871,23,0,non_cadre,24933.0,0.06,0.0
3872,26,4,non_cadre,19863.0,0.06,5591.0
3873,59,24,cadre,54453.0,0.1,147892.0
3874,42,20,non_cadre,27070.0,0.06,29701.0
3875,48,11,cadre,46011.0,0.1,44662.0
3876,47,7,non_cadre,25652.0,0.06,9295.0
3877,51,9,non_cadre,32843.0,0.06,15757.0
3878,32,8,non_cadre,23167.0,0.06,9808.0
3879,29,7,cadre,68686.0,0.1,55546.0
3880,23,1,non_cadre,19176.0,0.06,930.0
3881,59,13,non_cadre,45616.0,0.06,40990.0
3882,31,1,non_cadre,29165.0,0.06,1429.0
3883,46,8,non_cadre,17155.0,0.06,9311.0
3884,41,9,cadre,45560.0,0.1,39786.0
3885,28,4,non_cadre,25180.0,0.06,5021.0
3886,39,17,cadre,40658.0,0.1,77385.0
3887,25,3,cadre,51706.0,0.1,14001.0
3888,29,7,non_cadre,26276.0,0.06,12705.0
3889,28,6,non_cadre,25481.0,0.06,10099.0
3890,57,3,cadre,50061.0,0.1,17912.0
3891,46,24,non_cadre,35359.0,0.06,57676.0
3892,61,13,non_cadre,38146.0,0.06,26671.0
3893,40,18,non_cadre,28511.0,0.06,29674.0
3894,30,8,cadre,82666.0,0.1,71334.0
3895,48,14,non_cadre,23949.0,0.06,18637.0
3896,61,14,cadre,67091.0,0.1,95675.0
3897,44,8,cadre,57454.0,0.1,41140.0
3898,22,0,non_cadre,28712.0,0.06,0.0
3899,35,13,non_cadre,32473.0,0.06,23730.0
3900,61,0,cadre,78090.0,0.1,0.0
3901,44,3,cadre,40004.0,0.1,14247.0
3902,62,25,non_cadre,38084.0,0.06,64984.0
3903,43,17,non_cadre,28780.0,0.06,27051.0
3904,22,0,non_cadre,41943.0,0.06,0.0
3905,59,18,non_cadre,32632.0,0.06,38559.0
3906,54,19,cadre,88630.0,0.1,149582.0
3907,52,26,non_cadre,37949.0,0.06,61698.0
3908,63,19,non_cadre,31395.0,0.06,39786.0
3909,30,8,non_cadre,25960.0,0.06,11326.0
3910,60,15,cadre,53319.0,0.1,73089.0
3911,32,7,non_cadre,33375.0,0.06,11559.0
3912,63,10,non_cadre,30871.0,0.06,17188.0
3913,30,8,non_cadre,26666.0,0.06,13299.0
3914,45,4,non_cadre,35439.0,0.06,7334.0
3915,55,20,non_cadre,30234.0,0.06,42856.0
3916,25,3,non_cadre,35481.0,0.06,6955.0
3917,24,2,non_cadre,24683.0,0.06,2611.0
3918,58,1,cadre,55339.0,0.1,5602.0
3919,24,2,non_cadre,33162.0,0.06,3807.0
3920,48,24,non_cadre,38119.0,0.06,52308.0
3921,62,21,non_cadre,36477.0,0.06,47064.0
3922,48,12,non_cadre,29495.0,0.06,17908.0
3923,42,19,cadre,46484.0,0.1,78262.0
3924,39,12,non_cadre,42854.0,0.06,26531.0
3925,49,10,non_cadre,28306.0,0.06,14769.0
3926,46,9,non_cadre,34844.0,0.06,19984.0
3927,43,6,non_cadre,27797.0,0.06,11993.0
3928,28,6,non_cadre,20673.0,0.06,7892.0
3929,50,19,non_cadre,23470.0,0.06,31943.0
3930,53,5,non_cadre,32537.0,0.06,10062.0
3931,52,25,non_cadre,34516.0,0.06,47286.0
3932,25,3,non_cadre,32559.0,0.06,6733.0
3933,52,17,cadre,36840.0,0.1,51786.0
3934,53,4,non_cadre,32442.0,0.06,6548.0
3935,29,7,non_cadre,25691.0,0.06,12722.0
3936,58,19,non_cadre,33786.0,0.06,40830.0
3937,44,22,cadre,88006.0,0.1,226834.0
3938,42,20,cadre,43280.0,0.1,73849.0
3939,53,26,non_cadre,32973.0,0.06,56957.0
3940,43,7,non_cadre,30480.0,0.06,11444.0
3941,45,2,cadre,67032.0,0.1,12566.0
3942,35,13,cadre,37276.0,0.1,56193.0
3943,61,27,cadre,43506.0,0.1,113296.0
3944,63,8,non_cadre,39542.0,0.06,20275.0
3945,27,0,non_cadre,31150.0,0.06,0.0
3946,53,19,non_cadre,30346.0,0.06,39727.0
3947,23,1,cadre,45963.0,0.1,3693.0
3948,37,1,non_cadre,42312.0,0.06,2192.0
3949,63,28,non_cadre,36909.0,0.06,72390.0
3950,29,7,cadre,61640.0,0.1,44225.0
3951,38,3,non_cadre,19034.0,0.06,3399.0
3952,31,9,non_cadre,30247.0,0.06,13493.0
3953,53,11,non_cadre,29247.0,0.06,15636.0
3954,41,16,non_cadre,34390.0,0.06,39002.0
3955,47,25,non_cadre,27412.0,0.06,40688.0
3956,62,7,non_cadre,28641.0,0.06,13407.0
3957,44,19,non_cadre,33956.0,0.06,34374.0
3958,53,24,non_cadre,25700.0,0.06,33116.0
3959,26,4,cadre,54045.0,0.1,22139.0
3960,31,9,non_cadre,31183.0,0.06,19372.0
3961,62,13,cadre,52390.0,0.1,62347.0
3962,58,13,non_cadre,35265.0,0.06,25623.0
3963,50,26,non_cadre,37199.0,0.06,59206.0
3964,38,16,non_cadre,30382.0,0.06,23800.0
3965,30,8,non_cadre,40456.0,0.06,18477.0
3966,58,23,cadre,53025.0,0.1,124703.0
3967,55,21,non_cadre,44954.0,0.06,45423.0
3968,32,7,non_cadre,46134.0,0.06,20446.0
3969,47,11,non_cadre,32869.0,0.06,17797.0
3970,48,25,non_cadre,35433.0,0.06,57826.0
3971,42,18,non_cadre,29773.0,0.06,36035.0
3972,61,8,non_cadre,28769.0,0.06,15681.0
3973,27,5,non_cadre,26550.0,0.06,8517.0
3974,33,11,cadre,54530.0,0.1,61460.0
3975,26,4,non_cadre,33528.0,0.06,7427.0
3976,51,3,cadre,82618.0,0.1,24038.0
3977,49,22,cadre,46430.0,0.1,85274.0
3978,64,8,non_cadre,30608.0,0.06,15909.0
3979,45,22,non_cadre,22274.0,0.06,23812.0
3980,28,6,non_cadre,41682.0,0.06,14486.0
3981,41,19,non_cadre,23500.0,0.06,26857.0
3982,25,3,non_cadre,26825.0,0.06,5118.0
3983,50,26,non_cadre,31676.0,0.06,46315.0
3984,50,25,non_cadre,32610.0,0.06,47796.0
3985,58,6,non_cadre,22468.0,0.06,8371.0
3986,36,14,non_cadre,25839.0,0.06,25379.0
3987,35,13,non_cadre,22310.0,0.06,18599.0
3988,25,3,non_cadre,33972.0,0.06,5514.0
3989,39,0,cadre,54832.0,0.1,0.0
3990,42,8,non_cadre,23496.0,0.06,9271.0
3991,54,0,non_cadre,36610.0,0.06,0.0
3992,54,10,cadre,55500.0,0.1,46801.0
3993,28,6,cadre,61602.0,0.1,36178.0
3994,34,12,non_cadre,20180.0,0.06,15325.0
3995,43,0,non_cadre,24214.0,0.06,0.0
3996,36,14,non_cadre,26633.0,0.06,25157.0
3997,23,1,non_cadre,40835.0,0.06,2516.0
3998,58,25,non_cadre,29299.0,0.06,39249.0
3999,53,2,non_cadre,24528.0,0.06,2986.0
4000,44,22,non_cadre,30900.0,0.06,44630.0
4001,35,13,non_cadre,23153.0,0.06,18081.0
4002,58,0,cadre,66608.0,0.1,0.0
4003,23,1,non_cadre,24672.0,0.06,1498.0
4004,41,13,cadre,83971.0,0.1,111261.0
4005,56,23,cadre,68421.0,0.1,145443.0
4006,62,18,non_cadre,42574.0,0.06,52495.0
4007,32,10,cadre,93123.0,0.1,82234.0
4008,49,13,non_cadre,24367.0,0.06,15455.0
4009,30,0,non_cadre,26626.0,0.06,0.0
4010,26,3,cadre,43693.0,0.1,14903.0
4011,37,13,non_cadre,37900.0,0.06,31250.0
4012,60,11,non_cadre,19460.0,0.06,12684.0
4013,51,23,non_cadre,30529.0,0.06,50138.0
4014,43,12,non_cadre,27215.0,0.06,18582.0
4015,34,12,non_cadre,20418.0,0.06,14148.0
4016,28,5,non_cadre,22960.0,0.06,7139.0
4017,33,11,non_cadre,26780.0,0.06,17183.0
4018,28,6,non_cadre,30355.0,0.06,11170.0
4019,30,3,non_cadre,36702.0,0.06,7839.0
4020,51,9,non_cadre,32203.0,0.06,15564.0
4021,27,5,non_cadre,36260.0,0.06,9349.0
4022,24,2,non_cadre,30161.0,0.06,3509.0
4023,45,23,non_cadre,26055.0,0.06,36013.0
4024,34,12,non_cadre,28918.0,0.06,22597.0
4025,41,19,non_cadre,34477.0,0.06,46460.0
4026,28,6,non_cadre,36881.0,0.06,14279.0
4027,31,9,non_cadre,29126.0,0.06,18793.0
4028,40,3,non_cadre,24913.0,0.06,4029.0
4029,51,17,cadre,101616.0,0.1,152632.0
4030,39,3,cadre,112889.0,0.1,31246.0
4031,45,6,non_cadre,38388.0,0.06,15407.0
4032,44,9,non_cadre,26192.0,0.06,12370.0
4033,33,11,non_cadre,26249.0,0.06,15219.0
4034,34,12,non_cadre,34898.0,0.06,24239.0
4035,40,18,non_cadre,27652.0,0.06,27685.0
4036,23,1,non_cadre,27420.0,0.06,1742.0
4037,51,18,non_cadre,38553.0,0.06,48135.0
4038,48,22,non_cadre,22805.0,0.06,25752.0
4039,35,13,non_cadre,45261.0,0.06,35964.0
4040,38,7,cadre,49462.0,0.1,28923.0
4041,36,14,cadre,64208.0,0.1,79877.0
4042,50,2,cadre,46042.0,0.1,8505.0
4043,54,16,non_cadre,31673.0,0.06,31368.0
4044,26,4,non_cadre,28464.0,0.06,6981.0
4045,39,17,non_cadre,35606.0,0.06,38396.0
4046,22,0,cadre,68746.0,0.1,0.0
4047,41,19,non_cadre,26752.0,0.06,26682.0
4048,32,10,non_cadre,43115.0,0.06,28387.0
4049,36,12,non_cadre,30177.0,0.06,23179.0
4050,41,19,non_cadre,26208.0,0.06,24854.0
4051,35,0,cadre,41888.0,0.1,0.0
4052,38,16,non_cadre,43568.0,0.06,33924.0
4053,54,1,non_cadre,26865.0,0.06,1348.0
4054,56,21,non_cadre,45312.0,0.06,52155.0
4055,22,0,non_cadre,32491.0,0.06,0.0
4056,38,16,non_cadre,30870.0,0.06,34379.0
4057,58,25,non_cadre,31037.0,0.06,53889.0
4058,44,7,non_cadre,46730.0,0.06,20238.0
4059,30,8,cadre,66371.0,0.1,58089.0
4060,47,16,non_cadre,31314.0,0.06,36069.0
4061,28,6,non_cadre,28450.0,0.06,9874.0
4062,22,0,non_cadre,28748.0,0.06,0.0
4063,49,19,non_cadre,30909.0,0.06,37367.0
4064,44,9,non_cadre,28444.0,0.06,17944.0
4065,54,18,cadre,50616.0,0.1,101933.0
4066,36,14,non_cadre,29859.0,0.06,20712.0
4067,58,25,non_cadre,23069.0,0.06,37551.0
4068,40,14,non_cadre,32378.0,0.06,24499.0
4069,53,15,non_cadre,34619.0,0.06,28102.0
4070,26,4,non_cadre,26918.0,0.06,6582.0
4071,26,3,cadre,45477.0,0.1,14714.0
4072,55,2,non_cadre,39186.0,0.06,4061.0
4073,57,0,non_cadre,35516.0,0.06,0.0
4074,62,19,non_cadre,35430.0,0.06,43882.0
4075,35,12,non_cadre,30181.0,0.06,18705.0
4076,22,0,cadre,40370.0,0.1,0.0
4077,64,21,non_cadre,41073.0,0.06,50842.0
4078,47,4,non_cadre,35262.0,0.06,8754.0
4079,32,3,cadre,48238.0,0.1,12043.0
4080,54,10,non_cadre,29763.0,0.06,21104.0
4081,60,27,non_cadre,33647.0,0.06,63394.0
4082,34,1,non_cadre,35472.0,0.06,1864.0
4083,55,5,cadre,58303.0,0.1,31053.0
4084,55,0,cadre,57075.0,0.1,0.0
4085,43,12,cadre,48550.0,0.1,49450.0
4086,49,27,cadre,57436.0,0.1,159882.0
4087,33,11,non_cadre,24852.0,0.06,18702.0
4088,61,14,non_cadre,23006.0,0.06,19377.0
4089,64,4,non_cadre,24841.0,0.06,6972.0
4090,64,10,non_cadre,38500.0,0.06,18922.0
4091,53,15,non_cadre,38759.0,0.06,40732.0
4092,23,1,non_cadre,29559.0,0.06,2112.0
4093,37,15,cadre,60434.0,0.1,78175.0
4094,41,19,cadre,50591.0,0.1,93468.0
4095,63,6,cadre,64980.0,0.1,40871.0
4096,45,7,non_cadre,46750.0,0.06,22723.0
4097,45,3,non_cadre,39494.0,0.06,6141.0
4098,28,6,non_cadre,32204.0,0.06,10824.0
4099,56,13,non_cadre,25280.0,0.06,22068.0
4100,36,8,non_cadre,28680.0,0.06,13271.0
4101,25,3,non_cadre,26120.0,0.06,4899.0
4102,64,2,non_cadre,30591.0,0.06,3759.0
4103,30,8,non_cadre,31918.0,0.06,18220.0
4104,22,0,non_cadre,28022.0,0.06,0.0
4105,25,3,non_cadre,22428.0,0.06,4761.0
4106,41,0,non_cadre,45953.0,0.06,0.0
4107,26,4,cadre,44564.0,0.1,20707.0
4108,58,20,non_cadre,32869.0,0.06,33415.0
4109,44,10,non_cadre,27570.0,0.06,17478.0
4110,35,7,non_cadre,21951.0,0.06,10474.0
4111,22,0,non_cadre,29504.0,0.06,0.0
4112,42,20,non_cadre,28122.0,0.06,27131.0
4113,28,6,non_cadre,34574.0,0.06,12209.0
4114,64,23,non_cadre,35960.0,0.06,41989.0
4115,34,12,non_cadre,34960.0,0.06,21676.0
4116,42,20,non_cadre,36556.0,0.06,47487.0
4117,22,0,cadre,68367.0,0.1,0.0
4118,27,0,non_cadre,32433.0,0.06,0.0
4119,30,8,non_cadre,37376.0,0.06,15087.0
4120,24,2,non_cadre,33114.0,0.06,3567.0
4121,53,19,non_cadre,20516.0,0.06,22255.0
4122,62,29,non_cadre,29087.0,0.06,43027.0
4123,64,29,non_cadre,25220.0,0.06,49991.0
4124,33,7,non_cadre,31421.0,0.06,11584.0
4125,55,0,non_cadre,25610.0,0.06,0.0
4126,43,8,non_cadre,33863.0,0.06,17722.0
4127,23,1,non_cadre,36503.0,0.06,1863.0
4128,25,3,non_cadre,38165.0,0.06,6623.0
4129,45,2,non_cadre,41473.0,0.06,5008.0
4130,40,4,non_cadre,21456.0,0.06,4285.0
4131,22,0,cadre,56103.0,0.1,0.0
4132,61,19,non_cadre,53880.0,0.06,60936.0
4133,53,29,non_cadre,36712.0,0.06,68182.0
4134,43,21,non_cadre,31377.0,0.06,35094.0
4135,64,6,cadre,34031.0,0.1,19248.0
4136,63,1,non_cadre,29661.0,0.06,1893.0
4137,63,19,non_cadre,20378.0,0.06,18916.0
4138,33,11,non_cadre,25706.0,0.06,14359.0
4139,59,27,non_cadre,29336.0,0.06,43410.0
4140,43,17,cadre,83728.0,0.1,119925.0
4141,53,15,non_cadre,26687.0,0.06,19594.0
4142,58,9,non_cadre,50046.0,0.06,32293.0
4143,29,2,cadre,66568.0,0.1,13078.0
4144,41,19,non_cadre,31716.0,0.06,36643.0
4145,27,5,cadre,99386.0,0.1,44821.0
4146,34,4,non_cadre,33754.0,0.06,6506.0
4147,39,17,cadre,44689.0,0.1,83590.0
4148,58,10,non_cadre,38498.0,0.06,25166.0
4149,59,13,non_cadre,32783.0,0.06,30404.0
4150,38,16,cadre,63546.0,0.1,82197.0
4151,36,14,non_cadre,29362.0,0.06,21083.0
4152,44,5,non_cadre,28985.0,0.06,9433.0
4153,61,9,non_cadre,28719.0,0.06,14454.0
4154,63,24,non_cadre,33217.0,0.06,39486.0
4155,31,9,non_cadre,34061.0,0.06,16929.0
4156,30,2,non_cadre,33266.0,0.06,3334.0
4157,52,25,non_cadre,32104.0,0.06,54659.0
4158,34,12,cadre,56053.0,0.1,77405.0
4159,30,8,cadre,44488.0,0.1,37539.0
4160,23,1,non_cadre,35050.0,0.06,2007.0
4161,39,17,non_cadre,33078.0,0.06,37367.0
4162,38,16,non_cadre,24637.0,0.06,24896.0
4163,46,19,non_cadre,31732.0,0.06,40399.0
4164,30,8,non_cadre,34151.0,0.06,16464.0
4165,52,28,non_cadre,37919.0,0.06,75383.0
4166,51,25,non_cadre,33224.0,0.06,45650.0
4167,41,19,non_cadre,31993.0,0.06,37992.0
4168,29,7,cadre,64996.0,0.1,51103.0
4169,43,20,cadre,73581.0,0.1,170347.0
4170,51,20,non_cadre,32577.0,0.06,46078.0
4171,38,16,cadre,50393.0,0.1,77243.0
4172,33,11,non_cadre,37459.0,0.06,26694.0
4173,43,2,cadre,63110.0,0.1,11563.0
4174,37,15,cadre,39015.0,0.1,62019.0
4175,39,12,non_cadre,30106.0,0.06,18938.0
4176,37,15,non_cadre,36389.0,0.06,31721.0
4177,35,2,non_cadre,25664.0,0.06,3597.0
4178,52,19,non_cadre,30545.0,0.06,39152.0
4179,41,5,non_cadre,30366.0,0.06,9097.0
4180,42,20,cadre,53978.0,0.1,92706.0
4181,50,25,non_cadre,24329.0,0.06,35013.0
4182,37,7,cadre,69882.0,0.1,41847.0
4183,26,4,non_cadre,20739.0,0.06,4118.0
4184,58,14,non_cadre,26249.0,0.06,25634.0
4185,24,2,non_cadre,21947.0,0.06,2625.0
4186,46,21,non_cadre,35405.0,0.06,37283.0
4187,33,1,non_cadre,32499.0,0.06,2119.0
4188,31,6,non_cadre,32865.0,0.06,9816.0
4189,23,1,non_cadre,40279.0,0.06,2316.0
4190,60,6,non_cadre,28163.0,0.06,9045.0
4191,40,3,non_cadre,33890.0,0.06,5282.0
4192,36,14,non_cadre,30399.0,0.06,25878.0
4193,53,26,non_cadre,29487.0,0.06,50042.0
4194,23,1,non_cadre,38959.0,0.06,2326.0
4195,46,6,non_cadre,45494.0,0.06,18479.0
4196,43,5,cadre,57819.0,0.1,33736.0
4197,45,23,non_cadre,35444.0,0.06,54923.0
4198,27,5,cadre,40120.0,0.1,23723.0
4199,62,0,non_cadre,32054.0,0.06,0.0
4200,32,10,non_cadre,31520.0,0.06,21427.0
4201,51,13,cadre,27413.0,0.1,32681.0
4202,54,18,non_cadre,14646.0,0.06,13757.0
4203,36,10,non_cadre,40779.0,0.06,26689.0
4204,27,5,non_cadre,26108.0,0.06,8915.0
4205,34,12,cadre,47329.0,0.1,64135.0
4206,56,29,non_cadre,28707.0,0.06,52820.0
4207,60,11,non_cadre,25647.0,0.06,19160.0
4208,62,19,non_cadre,31477.0,0.06,38857.0
4209,31,9,cadre,71566.0,0.1,68670.0
4210,48,20,non_cadre,25995.0,0.06,25536.0
4211,28,6,non_cadre,30909.0,0.06,10951.0
4212,52,9,non_cadre,29802.0,0.06,13092.0
4213,39,17,cadre,71597.0,0.1,101869.0
4214,52,25,cadre,55473.0,0.1,140957.0
4215,51,26,cadre,36476.0,0.1,77671.0
4216,64,6,non_cadre,34683.0,0.06,14550.0
4217,43,21,non_cadre,26397.0,0.06,32600.0
4218,36,3,non_cadre,25041.0,0.06,4868.0
4219,44,3,non_cadre,26659.0,0.06,4123.0
4220,29,7,cadre,40135.0,0.1,32001.0
4221,26,4,non_cadre,29423.0,0.06,7000.0
4222,44,22,non_cadre,28766.0,0.06,38864.0
4223,57,12,non_cadre,24422.0,0.06,18628.0
4224,44,9,non_cadre,35017.0,0.06,19211.0
4225,55,2,cadre,40395.0,0.1,8283.0
4226,29,7,non_cadre,20473.0,0.06,9440.0
4227,41,19,non_cadre,21988.0,0.06,28139.0
4228,48,14,non_cadre,36663.0,0.06,28409.0
4229,36,14,non_cadre,41065.0,0.06,40318.0
4230,22,0,non_cadre,19597.0,0.06,0.0
4231,25,3,cadre,53292.0,0.1,14532.0
4232,61,8,non_cadre,41628.0,0.06,18474.0
4233,48,17,non_cadre,25247.0,0.06,24295.0
4234,33,4,non_cadre,41146.0,0.06,9152.0
4235,33,11,cadre,54389.0,0.1,68054.0
4236,23,1,non_cadre,31948.0,0.06,1964.0
4237,62,16,non_cadre,25981.0,0.06,29607.0
4238,26,4,non_cadre,36650.0,0.06,7332.0
4239,54,19,non_cadre,35449.0,0.06,42254.0
4240,32,10,non_cadre,42357.0,0.06,21308.0
4241,36,8,non_cadre,40018.0,0.06,18892.0
4242,33,6,non_cadre,29945.0,0.06,10275.0
4243,57,19,cadre,52247.0,0.1,106447.0
4244,23,1,non_cadre,39305.0,0.06,2590.0
4245,37,15,non_cadre,33425.0,0.06,26931.0
4246,34,12,non_cadre,24576.0,0.06,15527.0
4247,33,11,non_cadre,22091.0,0.06,14111.0
4248,30,8,non_cadre,22470.0,0.06,9672.0
4249,61,15,non_cadre,24890.0,0.06,23984.0
4250,38,3,non_cadre,39514.0,0.06,7163.0
4251,39,17,cadre,52023.0,0.1,100006.0
4252,38,16,non_cadre,26537.0,0.06,30380.0
4253,64,8,non_cadre,29196.0,0.06,13331.0
4254,36,14,non_cadre,28493.0,0.06,27878.0
4255,36,14,non_cadre,35206.0,0.06,32852.0
4256,36,9,cadre,66716.0,0.1,51617.0
4257,36,14,non_cadre,32173.0,0.06,30657.0
4258,25,3,non_cadre,31856.0,0.06,5692.0
4259,47,5,non_cadre,25316.0,0.06,8230.0
4260,23,1,non_cadre,41215.0,0.06,2673.0
4261,31,9,non_cadre,28278.0,0.06,17628.0
4262,30,8,cadre,63081.0,0.1,55737.0
4263,34,4,non_cadre,35580.0,0.06,9648.0
4264,54,13,non_cadre,30329.0,0.06,21962.0
4265,47,18,cadre,40104.0,0.1,85849.0
4266,64,9,non_cadre,23671.0,0.06,13609.0
4267,37,15,non_cadre,35293.0,0.06,35241.0
4268,61,8,non_cadre,46325.0,0.06,25428.0
4269,23,1,non_cadre,23304.0,0.06,1188.0
4270,43,19,non_cadre,32202.0,0.06,34308.0
4271,56,28,cadre,43698.0,0.1,138796.0
4272,44,1,non_cadre,51373.0,0.06,3603.0
4273,62,25,non_cadre,38441.0,0.06,63568.0
4274,35,10,non_cadre,31741.0,0.06,18910.0
4275,23,1,non_cadre,23468.0,0.06,1268.0
4276,55,20,cadre,45482.0,0.1,91875.0
4277,24,2,non_cadre,34829.0,0.06,4008.0
4278,54,5,cadre,48769.0,0.1,28146.0
4279,53,29,non_cadre,22988.0,0.06,41075.0
4280,58,6,non_cadre,30053.0,0.06,10352.0
4281,42,16,non_cadre,30811.0,0.06,29561.0
4282,60,6,non_cadre,32369.0,0.06,13674.0
4283,29,3,non_cadre,27475.0,0.06,5170.0
4284,40,0,cadre,40121.0,0.1,0.0
4285,27,0,non_cadre,25250.0,0.06,0.0
4286,54,14,cadre,58637.0,0.1,80964.0
4287,52,13,non_cadre,31313.0,0.06,22572.0
4288,56,1,non_cadre,33829.0,0.06,2222.0
4289,54,10,non_cadre,38000.0,0.06,20687.0
4290,35,8,cadre,50624.0,0.1,40378.0
4291,24,2,non_cadre,26285.0,0.06,3080.0
4292,61,29,non_cadre,21403.0,0.06,36748.0
4293,43,20,non_cadre,20033.0,0.06,24682.0
4294,26,4,cadre,71904.0,0.1,30870.0
4295,61,5,cadre,41543.0,0.1,17805.0
4296,64,6,non_cadre,24143.0,0.06,7956.0
4297,41,19,cadre,70012.0,0.1,147540.0
4298,55,9,non_cadre,40686.0,0.06,25554.0
4299,23,1,non_cadre,35743.0,0.06,1754.0
4300,26,4,cadre,33944.0,0.1,11261.0
4301,33,6,non_cadre,27460.0,0.06,11601.0
4302,50,25,non_cadre,32538.0,0.06,41934.0
4303,27,5,cadre,56169.0,0.1,33469.0
4304,23,1,non_cadre,25520.0,0.06,1732.0
4305,50,13,cadre,56747.0,0.1,62579.0
4306,55,3,non_cadre,37313.0,0.06,5649.0
4307,53,20,non_cadre,37996.0,0.06,54300.0
4308,56,3,non_cadre,25897.0,0.06,4204.0
4309,56,19,non_cadre,32895.0,0.06,38080.0
4310,47,12,non_cadre,29962.0,0.06,19297.0
4311,44,22,cadre,34877.0,0.1,79819.0
4312,58,26,non_cadre,28269.0,0.06,50098.0
4313,36,12,non_cadre,23298.0,0.06,17827.0
4314,26,4,non_cadre,37857.0,0.06,7438.0
4315,54,3,cadre,66050.0,0.1,20569.0
4316,33,3,non_cadre,27635.0,0.06,5295.0
4317,64,29,non_cadre,26348.0,0.06,40361.0
4318,39,17,non_cadre,37044.0,0.06,41747.0
4319,58,13,non_cadre,38261.0,0.06,31358.0
4320,23,1,cadre,70261.0,0.1,5648.0
4321,50,8,non_cadre,29125.0,0.06,16500.0
4322,41,19,non_cadre,29648.0,0.06,33063.0
4323,41,19,cadre,30367.0,0.1,51521.0
4324,33,11,non_cadre,32408.0,0.06,17849.0
4325,63,12,non_cadre,26081.0,0.06,17835.0
4326,38,13,non_cadre,26927.0,0.06,19388.0
4327,58,4,non_cadre,29398.0,0.06,6485.0
4328,40,2,cadre,33629.0,0.1,7515.0
4329,24,2,cadre,72092.0,0.1,15260.0
4330,59,17,non_cadre,36048.0,0.06,31372.0
4331,29,3,non_cadre,25871.0,0.06,5044.0
4332,33,11,cadre,39462.0,0.1,47289.0
4333,59,19,non_cadre,44503.0,0.06,51023.0
4334,60,24,non_cadre,27110.0,0.06,46780.0
4335,61,28,non_cadre,47895.0,0.06,73495.0
4336,40,10,non_cadre,36187.0,0.06,17877.0
4337,54,11,non_cadre,26368.0,0.06,14123.0
4338,36,14,non_cadre,17901.0,0.06,13957.0
4339,53,20,non_cadre,34427.0,0.06,41278.0
4340,43,8,non_cadre,30188.0,0.06,12046.0
4341,24,2,cadre,45645.0,0.1,9369.0
4342,39,4,cadre,74999.0,0.1,34810.0
4343,42,13,non_cadre,23865.0,0.06,20825.0
4344,33,9,cadre,69266.0,0.1,66640.0
4345,38,16,non_cadre,34554.0,0.06,35318.0
4346,43,1,non_cadre,27947.0,0.06,1831.0
4347,24,2,non_cadre,27914.0,0.06,3342.0
4348,28,6,non_cadre,22139.0,0.06,7657.0
4349,54,1,non_cadre,30552.0,0.06,1691.0
4350,37,15,cadre,44941.0,0.1,56615.0
4351,48,20,non_cadre,36050.0,0.06,44336.0
4352,46,4,non_cadre,25903.0,0.06,6148.0
4353,45,1,non_cadre,28277.0,0.06,1438.0
4354,39,3,non_cadre,46247.0,0.06,7553.0
4355,42,12,non_cadre,28216.0,0.06,22649.0
4356,57,3,non_cadre,27470.0,0.06,4461.0
4357,63,21,non_cadre,33728.0,0.06,41235.0
4358,33,2,non_cadre,20992.0,0.06,2178.0
4359,50,23,non_cadre,38527.0,0.06,46146.0
4360,63,26,cadre,60220.0,0.1,172627.0
4361,22,0,non_cadre,33318.0,0.06,0.0
4362,55,28,non_cadre,15268.0,0.06,23445.0
4363,43,21,non_cadre,28483.0,0.06,42791.0
4364,63,1,non_cadre,23257.0,0.06,1382.0
4365,46,10,non_cadre,37563.0,0.06,23495.0
4366,58,22,non_cadre,37029.0,0.06,51631.0
4367,29,7,non_cadre,32421.0,0.06,11962.0
4368,28,6,non_cadre,23584.0,0.06,8047.0
4369,61,23,non_cadre,40450.0,0.06,53604.0
4370,44,22,non_cadre,28467.0,0.06,33528.0
4371,46,9,non_cadre,43046.0,0.06,20771.0
4372,29,7,cadre,63080.0,0.1,46061.0
4373,31,0,non_cadre,33200.0,0.06,0.0
4374,57,8,non_cadre,27361.0,0.06,11185.0
4375,35,8,non_cadre,39749.0,0.06,19639.0
4376,47,13,cadre,53658.0,0.1,68342.0
4377,35,12,non_cadre,40036.0,0.06,30117.0
4378,33,11,cadre,54127.0,0.1,48274.0
4379,29,7,non_cadre,29719.0,0.06,13505.0
4380,61,21,cadre,25623.0,0.1,61339.0
4381,62,0,non_cadre,40033.0,0.06,0.0
4382,26,4,non_cadre,36765.0,0.06,10027.0
4383,37,15,non_cadre,30841.0,0.06,26643.0
4384,46,7,non_cadre,20692.0,0.06,7227.0
4385,38,12,non_cadre,35279.0,0.06,24157.0
4386,53,21,non_cadre,22499.0,0.06,27741.0
4387,33,11,non_cadre,30211.0,0.06,22855.0
4388,24,2,non_cadre,29313.0,0.06,3285.0
4389,36,12,cadre,50621.0,0.1,56253.0
4390,47,11,cadre,64139.0,0.1,81503.0
4391,29,7,non_cadre,46158.0,0.06,17455.0
4392,57,20,non_cadre,28182.0,0.06,35745.0
4393,22,0,non_cadre,34966.0,0.06,0.0
4394,24,2,cadre,58511.0,0.1,13815.0
4395,43,5,non_cadre,35649.0,0.06,9367.0
4396,44,14,non_cadre,26370.0,0.06,24135.0
4397,34,7,non_cadre,31456.0,0.06,13476.0
4398,33,11,non_cadre,33028.0,0.06,25973.0
4399,25,3,non_cadre,39963.0,0.06,8615.0
4400,50,23,non_cadre,38245.0,0.06,58978.0
4401,38,14,non_cadre,17240.0,0.06,12185.0
4402,27,5,non_cadre,25279.0,0.06,7490.0
4403,39,17,non_cadre,29583.0,0.06,34454.0
4404,62,13,non_cadre,24487.0,0.06,20158.0
4405,33,11,non_cadre,14313.0,0.06,10879.0
4406,60,10,non_cadre,25947.0,0.06,17432.0
4407,33,11,non_cadre,29978.0,0.06,18305.0
4408,29,7,cadre,46044.0,0.1,28299.0
4409,33,7,non_cadre,24577.0,0.06,9590.0
4410,35,4,non_cadre,30250.0,0.06,7829.0
4411,27,5,non_cadre,32131.0,0.06,9566.0
4412,47,8,non_cadre,27316.0,0.06,10719.0
4413,36,14,cadre,39814.0,0.1,61146.0
4414,52,2,non_cadre,30348.0,0.06,2979.0
4415,43,15,non_cadre,25201.0,0.06,21858.0
4416,41,12,non_cadre,23958.0,0.06,16990.0
4417,42,13,non_cadre,28749.0,0.06,22451.0
4418,28,5,non_cadre,37483.0,0.06,9622.0
4419,52,2,non_cadre,25443.0,0.06,3356.0
4420,26,4,non_cadre,33797.0,0.06,9245.0
4421,53,14,cadre,49121.0,0.1,74213.0
4422,64,23,cadre,47860.0,0.1,129939.0
4423,54,13,non_cadre,32435.0,0.06,22845.0
4424,41,7,cadre,66511.0,0.1,40239.0
4425,35,7,non_cadre,34760.0,0.06,12072.0
4426,59,18,non_cadre,34995.0,0.06,41143.0
4427,33,11,cadre,63879.0,0.1,60770.0
4428,42,20,non_cadre,23769.0,0.06,33522.0
4429,55,13,non_cadre,33395.0,0.06,27073.0
4430,61,17,non_cadre,30384.0,0.06,34762.0
4431,61,1,non_cadre,22151.0,0.06,1294.0
4432,25,3,cadre,42800.0,0.1,14046.0
4433,60,25,non_cadre,26411.0,0.06,38724.0
4434,26,4,non_cadre,22155.0,0.06,5400.0
4435,47,12,non_cadre,27960.0,0.06,22334.0
4436,61,17,non_cadre,38775.0,0.06,35408.0
4437,50,1,non_cadre,38199.0,0.06,2644.0
4438,62,15,non_cadre,36254.0,0.06,35452.0
4439,36,10,non_cadre,31660.0,0.06,20869.0
4440,35,4,cadre,48961.0,0.1,17533.0
4441,36,12,non_cadre,30598.0,0.06,18419.0
4442,37,13,non_cadre,24051.0,0.06,15555.0
4443,51,5,non_cadre,25031.0,0.06,7951.0
4444,41,16,non_cadre,26569.0,0.06,21935.0
4445,53,22,non_cadre,39705.0,0.06,62876.0
4446,39,8,non_cadre,37208.0,0.06,21154.0
4447,35,13,non_cadre,24173.0,0.06,15304.0
4448,30,8,non_cadre,30322.0,0.06,15865.0
4449,45,23,cadre,50422.0,0.1,104873.0
4450,60,2,non_cadre,29084.0,0.06,3268.0
4451,58,23,non_cadre,26950.0,0.06,33328.0
4452,32,10,non_cadre,39739.0,0.06,26996.0
4453,42,20,non_cadre,29887.0,0.06,41513.0
4454,52,24,non_cadre,31325.0,0.06,36815.0
4455,48,7,non_cadre,31376.0,0.06,11966.0
4456,24,2,cadre,31203.0,0.1,6113.0
4457,47,1,cadre,95616.0,0.1,9645.0
4458,23,1,cadre,47172.0,0.1,3939.0
4459,27,5,non_cadre,40275.0,0.06,13678.0
4460,50,12,non_cadre,23846.0,0.06,20150.0
4461,26,4,non_cadre,22142.0,0.06,5108.0
4462,36,9,cadre,47527.0,0.1,48886.0
4463,47,12,non_cadre,37451.0,0.06,28867.0
4464,50,27,cadre,63313.0,0.1,177218.0
4465,41,3,non_cadre,34372.0,0.06,6977.0
4466,26,4,cadre,42372.0,0.1,16766.0
4467,56,19,cadre,59475.0,0.1,115159.0
4468,62,7,non_cadre,19336.0,0.06,7389.0
4469,60,26,non_cadre,29157.0,0.06,49345.0
4470,54,27,cadre,53411.0,0.1,124543.0
4471,39,11,non_cadre,39163.0,0.06,23192.0
4472,59,22,cadre,45987.0,0.1,100359.0
4473,42,20,cadre,76324.0,0.1,145645.0
4474,27,5,cadre,49412.0,0.1,22132.0
4475,58,5,non_cadre,32341.0,0.06,8507.0
4476,35,1,non_cadre,43511.0,0.06,2988.0
4477,62,10,non_cadre,32995.0,0.06,20516.0
4478,37,3,non_cadre,38023.0,0.06,6508.0
4479,59,8,non_cadre,27226.0,0.06,14876.0
4480,45,19,non_cadre,25203.0,0.06,32468.0
4481,42,17,non_cadre,29578.0,0.06,25474.0
4482,34,6,non_cadre,20407.0,0.06,7544.0
4483,57,0,non_cadre,47182.0,0.06,0.0
4484,24,2,non_cadre,30850.0,0.06,3762.0
4485,42,13,non_cadre,35679.0,0.06,30256.0
4486,37,15,non_cadre,27355.0,0.06,19779.0
4487,45,10,non_cadre,22034.0,0.06,13292.0
4488,32,8,non_cadre,39899.0,0.06,17556.0
4489,50,16,non_cadre,23960.0,0.06,23315.0
4490,38,2,non_cadre,32168.0,0.06,3258.0
4491,30,6,non_cadre,32780.0,0.06,13300.0
4492,30,1,non_cadre,30447.0,0.06,1859.0
4493,51,15,non_cadre,25643.0,0.06,20411.0
4494,33,11,non_cadre,29116.0,0.06,21290.0
4495,35,13,cadre,55660.0,0.1,58980.0
4496,48,18,cadre,68334.0,0.1,127568.0
4497,36,11,cadre,45251.0,0.1,49811.0
4498,38,16,cadre,37933.0,0.1,49517.0
4499,32,10,non_cadre,26777.0,0.06,14458.0
4500,36,3,cadre,60166.0,0.1,14997.0
4501,51,27,non_cadre,23122.0,0.06,40940.0
4502,44,5,non_cadre,22027.0,0.06,7152.0
4503,64,7,non_cadre,29512.0,0.06,10359.0
4504,55,15,cadre,36363.0,0.1,46018.0
4505,22,0,non_cadre,37364.0,0.06,0.0
4506,38,10,non_cadre,34138.0,0.06,18032.0
4507,34,5,non_cadre,30178.0,0.06,8342.0
4508,47,14,cadre,53809.0,0.1,80886.0
4509,33,11,non_cadre,33037.0,0.06,17973.0
4510,63,27,cadre,36358.0,0.1,115745.0
4511,34,6,non_cadre,31559.0,0.06,9194.0
4512,44,16,non_cadre,26180.0,0.06,28643.0
4513,27,5,non_cadre,31215.0,0.06,8843.0
4514,61,12,non_cadre,17769.0,0.06,11003.0
4515,61,18,cadre,38265.0,0.1,65502.0
4516,56,29,non_cadre,37330.0,0.06,77239.0
4517,37,12,non_cadre,33840.0,0.06,24647.0
4518,24,1,non_cadre,31846.0,0.06,1574.0
4519,52,27,non_cadre,34160.0,0.06,65113.0
4520,40,18,cadre,38623.0,0.1,59609.0
4521,64,9,non_cadre,39895.0,0.06,17706.0
4522,52,15,non_cadre,32809.0,0.06,24159.0
4523,45,23,cadre,37755.0,0.1,98172.0
4524,64,15,non_cadre,18887.0,0.06,14639.0
4525,56,14,cadre,70349.0,0.1,85842.0
4526,41,19,non_cadre,33256.0,0.06,44647.0
4527,22,0,non_cadre,30930.0,0.06,0.0
4528,25,3,cadre,45560.0,0.1,12495.0
4529,41,4,non_cadre,36388.0,0.06,9035.0
4530,46,13,non_cadre,28496.0,0.06,19943.0
4531,23,1,non_cadre,29794.0,0.06,1784.0
4532,27,5,non_cadre,29666.0,0.06,8311.0
4533,52,16,non_cadre,32824.0,0.06,33057.0
4534,54,19,non_cadre,23843.0,0.06,29995.0
4535,23,1,non_cadre,33573.0,0.06,1892.0
4536,43,17,non_cadre,25972.0,0.06,22718.0
4537,25,3,non_cadre,26155.0,0.06,4436.0
4538,53,6,cadre,77057.0,0.1,51008.0
4539,57,16,non_cadre,24586.0,0.06,26313.0
4540,59,21,cadre,78036.0,0.1,182594.0
4541,47,1,non_cadre,30614.0,0.06,2186.0
4542,49,19,non_cadre,21575.0,0.06,27791.0
4543,61,7,non_cadre,39413.0,0.06,19656.0
4544,48,11,non_cadre,31920.0,0.06,22136.0
4545,41,19,non_cadre,32460.0,0.06,32998.0
4546,54,0,non_cadre,36695.0,0.06,0.0
4547,47,0,non_cadre,40489.0,0.06,0.0
4548,58,13,non_cadre,31231.0,0.06,20320.0
4549,44,22,non_cadre,33942.0,0.06,41243.0
4550,59,0,cadre,34961.0,0.1,0.0
4551,23,1,non_cadre,28012.0,0.06,1821.0
4552,23,1,cadre,47367.0,0.1,4477.0
4553,26,4,non_cadre,31318.0,0.06,6023.0
4554,45,12,cadre,64574.0,0.1,90412.0
4555,52,14,cadre,45920.0,0.1,66587.0
4556,31,2,cadre,63816.0,0.1,11287.0
4557,28,6,non_cadre,37364.0,0.06,12118.0
4558,58,8,non_cadre,28199.0,0.06,11501.0
4559,54,23,non_cadre,19743.0,0.06,31676.0
4560,49,19,non_cadre,36774.0,0.06,37398.0
4561,42,16,non_cadre,24832.0,0.06,28041.0
4562,40,9,cadre,73665.0,0.1,60048.0
4563,22,0,cadre,61986.0,0.1,0.0
4564,30,8,non_cadre,28664.0,0.06,11064.0
4565,60,27,non_cadre,32887.0,0.06,52920.0
4566,36,14,non_cadre,48715.0,0.06,38780.0
4567,52,6,cadre,44586.0,0.1,24982.0
4568,52,17,non_cadre,31464.0,0.06,38411.0
4569,35,11,cadre,68723.0,0.1,82274.0
4570,30,8,non_cadre,30714.0,0.06,13303.0
4571,51,28,cadre,74874.0,0.1,230817.0
4572,26,4,non_cadre,24877.0,0.06,5086.0
4573,43,4,non_cadre,21461.0,0.06,6028.0
4574,60,9,non_cadre,28322.0,0.06,14844.0
4575,52,21,cadre,57590.0,0.1,105975.0
4576,54,22,non_cadre,32042.0,0.06,38452.0
4577,25,3,cadre,76254.0,0.1,19721.0
4578,30,4,non_cadre,34238.0,0.06,9632.0
4579,33,4,cadre,56276.0,0.1,20763.0
4580,34,12,cadre,62496.0,0.1,64281.0
4581,30,8,non_cadre,36168.0,0.06,19534.0
4582,63,14,cadre,45447.0,0.1,56328.0
4583,29,7,cadre,51020.0,0.1,29916.0
4584,52,0,non_cadre,40851.0,0.06,0.0
4585,47,22,non_cadre,35722.0,0.06,37862.0
4586,48,8,non_cadre,30926.0,0.06,16818.0
4587,31,9,non_cadre,40241.0,0.06,22275.0
4588,35,13,non_cadre,30504.0,0.06,21384.0
4589,48,15,non_cadre,26499.0,0.06,23597.0
4590,34,9,cadre,62870.0,0.1,51206.0
4591,51,6,non_cadre,29360.0,0.06,10709.0
4592,23,1,cadre,68716.0,0.1,7069.0
4593,25,3,non_cadre,39613.0,0.06,7905.0
4594,53,5,non_cadre,30141.0,0.06,8920.0
4595,48,13,non_cadre,38238.0,0.06,33245.0
4596,23,1,non_cadre,28742.0,0.06,1427.0
4597,60,20,cadre,36529.0,0.1,85371.0
4598,22,0,non_cadre,23102.0,0.06,0.0
4599,63,16,non_cadre,27111.0,0.06,29531.0
4600,53,22,non_cadre,23277.0,0.06,30660.0
4601,64,17,non_cadre,44840.0,0.06,38505.0
4602,62,13,cadre,35534.0,0.1,43604.0
4603,35,4,non_cadre,29432.0,0.06,8246.0
4604,54,6,non_cadre,42334.0,0.06,17281.0
4605,31,9,cadre,42319.0,0.1,41474.0
4606,42,1,non_cadre,29188.0,0.06,1667.0
4607,32,9,non_cadre,44752.0,0.06,25024.0
4608,42,13,non_cadre,29148.0,0.06,20299.0
4609,59,14,non_cadre,48938.0,0.06,43539.0
4610,40,18,non_cadre,35104.0,0.06,34287.0
4611,25,3,non_cadre,38954.0,0.06,7934.0
4612,35,13,non_cadre,39180.0,0.06,33060.0
4613,55,2,non_cadre,30010.0,0.06,3437.0
4614,44,12,cadre,43217.0,0.1,55169.0
4615,46,21,cadre,55832.0,0.1,109046.0
4616,40,17,non_cadre,24626.0,0.06,21659.0
4617,34,12,cadre,50840.0,0.1,54546.0
4618,47,13,cadre,69275.0,0.1,81833.0
4619,49,12,non_cadre,42058.0,0.06,26970.0
4620,60,17,non_cadre,33779.0,0.06,36913.0
4621,48,5,cadre,50220.0,0.1,27517.0
4622,64,15,non_cadre,19478.0,0.06,17230.0
4623,57,6,non_cadre,23519.0,0.06,10119.0
4624,25,3,non_cadre,27942.0,0.06,5816.0
4625,38,16,non_cadre,40435.0,0.06,32406.0
4626,38,15,non_cadre,29350.0,0.06,25997.0
4627,22,0,cadre,39838.0,0.1,0.0
4628,29,7,non_cadre,28565.0,0.06,10655.0
4629,54,19,non_cadre,23610.0,0.06,25606.0
4630,37,12,non_cadre,22702.0,0.06,19268.0
4631,28,0,non_cadre,44744.0,0.06,0.0
4632,34,0,non_cadre,27963.0,0.06,0.0
4633,33,6,cadre,51228.0,0.1,35402.0
4634,29,7,non_cadre,29447.0,0.06,10741.0
4635,26,4,non_cadre,28528.0,0.06,7392.0
4636,54,15,cadre,49741.0,0.1,83648.0
4637,57,29,non_cadre,28193.0,0.06,43689.0
4638,43,16,non_cadre,32093.0,0.06,25182.0
4639,48,26,non_cadre,39842.0,0.06,54157.0
4640,61,16,non_cadre,36259.0,0.06,38170.0
4641,58,10,non_cadre,23509.0,0.06,15202.0
4642,23,1,cadre,87106.0,0.1,10075.0
4643,62,13,non_cadre,32993.0,0.06,23850.0
4644,24,2,cadre,64048.0,0.1,13433.0
4645,23,1,non_cadre,31113.0,0.06,1513.0
4646,39,17,non_cadre,33638.0,0.06,40282.0
4647,54,11,non_cadre,30284.0,0.06,20423.0
4648,25,3,non_cadre,33024.0,0.06,6535.0
4649,34,12,cadre,45013.0,0.1,49345.0
4650,33,11,non_cadre,44691.0,0.06,24564.0
4651,39,8,non_cadre,20396.0,0.06,8078.0
4652,64,12,non_cadre,33675.0,0.06,27298.0
4653,36,14,cadre,61683.0,0.1,74334.0
4654,30,5,non_cadre,34117.0,0.06,11562.0
4655,27,5,non_cadre,26037.0,0.06,7078.0
4656,30,8,non_cadre,37903.0,0.06,18494.0
4657,27,5,non_cadre,29359.0,0.06,7969.0
4658,46,23,cadre,36526.0,0.1,68891.0
4659,40,18,non_cadre,24101.0,0.06,26469.0
4660,43,21,non_cadre,30758.0,0.06,36695.0
4661,57,5,non_cadre,21800.0,0.06,6370.0
4662,46,17,non_cadre,43004.0,0.06,45646.0
4663,28,2,non_cadre,37002.0,0.06,4109.0
4664,38,8,non_cadre,43231.0,0.06,21280.0
4665,35,1,cadre,42756.0,0.1,4545.0
4666,57,20,non_cadre,27961.0,0.06,28044.0
4667,35,13,non_cadre,25212.0,0.06,18486.0
4668,27,5,non_cadre,17560.0,0.06,4404.0
4669,53,5,non_cadre,27659.0,0.06,6661.0
4670,40,9,non_cadre,42706.0,0.06,18922.0
4671,26,4,non_cadre,25422.0,0.06,6326.0
4672,51,24,non_cadre,28767.0,0.06,34537.0
4673,31,9,non_cadre,26850.0,0.06,16636.0
4674,59,2,non_cadre,32336.0,0.06,4283.0
4675,57,12,non_cadre,38800.0,0.06,22447.0
4676,37,0,cadre,58919.0,0.1,0.0
4677,45,23,non_cadre,22912.0,0.06,25425.0
4678,46,3,non_cadre,40388.0,0.06,6133.0
4679,50,24,non_cadre,34737.0,0.06,59790.0
4680,24,2,non_cadre,28483.0,0.06,3359.0
4681,35,0,non_cadre,42208.0,0.06,0.0
4682,29,7,cadre,53779.0,0.1,42920.0
4683,51,13,non_cadre,36141.0,0.06,32896.0
4684,24,2,non_cadre,29593.0,0.06,3620.0
4685,44,19,cadre,43937.0,0.1,90357.0
4686,53,8,cadre,50989.0,0.1,45362.0
4687,62,20,non_cadre,28476.0,0.06,37379.0
4688,34,12,non_cadre,34763.0,0.06,24975.0
4689,22,0,cadre,40014.0,0.1,0.0
4690,53,11,cadre,36953.0,0.1,41093.0
4691,22,0,non_cadre,38304.0,0.06,0.0
4692,24,2,cadre,42992.0,0.1,6893.0
4693,64,17,non_cadre,35375.0,0.06,34042.0
4694,59,4,cadre,34687.0,0.1,11558.0
4695,52,3,non_cadre,30326.0,0.06,4505.0
4696,57,19,non_cadre,34207.0,0.06,38516.0
4697,25,3,non_cadre,25385.0,0.06,5380.0
4698,25,3,non_cadre,35113.0,0.06,5323.0
4699,34,12,cadre,79905.0,0.1,87208.0
4700,23,1,cadre,54278.0,0.1,6144.0
4701,60,1,cadre,84573.0,0.1,8125.0
4702,24,2,cadre,59825.0,0.1,13204.0
4703,45,11,non_cadre,25124.0,0.06,16863.0
4704,58,21,non_cadre,36945.0,0.06,48486.0
4705,53,2,non_cadre,30658.0,0.06,3180.0
4706,32,10,cadre,70521.0,0.1,66354.0
4707,42,9,non_cadre,35599.0,0.06,20160.0
4708,45,3,non_cadre,27657.0,0.06,4036.0
4709,55,25,non_cadre,22660.0,0.06,29752.0
4710,40,2,non_cadre,18169.0,0.06,2081.0
4711,34,3,non_cadre,35941.0,0.06,6921.0
4712,56,28,non_cadre,25260.0,0.06,42600.0
4713,60,15,non_cadre,23393.0,0.06,22896.0
4714,43,13,non_cadre,34093.0,0.06,29006.0
4715,23,1,cadre,41480.0,0.1,3370.0
4716,43,18,non_cadre,25630.0,0.06,32128.0
4717,60,18,non_cadre,36007.0,0.06,43931.0
4718,64,0,cadre,63793.0,0.1,0.0
4719,39,16,non_cadre,39273.0,0.06,37469.0
4720,28,6,cadre,45375.0,0.1,25136.0
4721,46,24,non_cadre,31945.0,0.06,53483.0
4722,57,15,non_cadre,27452.0,0.06,23549.0
4723,62,3,non_cadre,29667.0,0.06,5118.0
4724,24,2,non_cadre,32765.0,0.06,4580.0
4725,34,8,non_cadre,23329.0,0.06,11649.0
4726,42,8,non_cadre,25721.0,0.06,10558.0
4727,26,4,cadre,66307.0,0.1,27860.0
4728,60,23,non_cadre,31445.0,0.06,48505.0
4729,26,4,non_cadre,30502.0,0.06,6846.0
4730,50,19,non_cadre,26329.0,0.06,30339.0
4731,61,27,non_cadre,35350.0,0.06,60173.0
4732,51,3,non_cadre,24344.0,0.06,4400.0
4733,54,17,non_cadre,26134.0,0.06,31979.0
4734,33,8,cadre,55602.0,0.1,44602.0
4735,57,11,cadre,34528.0,0.1,40159.0
4736,39,7,non_cadre,25586.0,0.06,12008.0
4737,24,2,cadre,66685.0,0.1,11398.0
4738,37,13,cadre,58399.0,0.1,62068.0
4739,37,15,non_cadre,28839.0,0.06,30866.0
4740,44,19,non_cadre,30876.0,0.06,38469.0
4741,33,10,non_cadre,33558.0,0.06,19275.0
4742,41,13,non_cadre,31967.0,0.06,20124.0
4743,40,15,non_cadre,31685.0,0.06,24711.0
4744,36,7,non_cadre,24179.0,0.06,8164.0
4745,51,15,non_cadre,32423.0,0.06,27972.0
4746,35,13,non_cadre,33495.0,0.06,26699.0
4747,54,7,non_cadre,34432.0,0.06,12498.0
4748,32,10,non_cadre,25979.0,0.06,16459.0
4749,59,21,non_cadre,36029.0,0.06,53645.0
4750,37,15,cadre,38577.0,0.1,69218.0
4751,23,1,non_cadre,27523.0,0.06,1871.0
4752,28,6,non_cadre,28392.0,0.06,9992.0
4753,56,23,non_cadre,23306.0,0.06,32772.0
4754,59,6,cadre,49946.0,0.1,30007.0
4755,31,9,non_cadre,31359.0,0.06,14602.0
4756,47,20,non_cadre,20823.0,0.06,28530.0
4757,46,9,non_cadre,27723.0,0.06,16023.0
4758,27,5,non_cadre,21147.0,0.06,6694.0
4759,41,19,cadre,58257.0,0.1,98306.0
4760,51,10,cadre,64244.0,0.1,55331.0
4761,63,17,non_cadre,30765.0,0.06,36063.0
4762,58,4,cadre,65022.0,0.1,22674.0
4763,26,4,non_cadre,33856.0,0.06,6740.0
4764,32,10,non_cadre,36482.0,0.06,22989.0
4765,40,18,non_cadre,21944.0,0.06,25637.0
4766,28,6,non_cadre,38987.0,0.06,11900.0
4767,46,10,non_cadre,38489.0,0.06,20386.0
4768,22,0,non_cadre,29605.0,0.06,0.0
4769,26,4,non_cadre,29296.0,0.06,8239.0
4770,24,2,cadre,84042.0,0.1,16650.0
4771,34,3,non_cadre,23392.0,0.06,4702.0
4772,54,25,non_cadre,33280.0,0.06,46314.0
4773,29,7,non_cadre,38142.0,0.06,17322.0
4774,64,3,non_cadre,34708.0,0.06,6390.0
4775,33,3,non_cadre,29549.0,0.06,6049.0
4776,23,1,cadre,58622.0,0.1,6509.0
4777,36,14,cadre,36549.0,0.1,46750.0
4778,54,11,non_cadre,27728.0,0.06,15734.0
4779,26,4,non_cadre,46415.0,0.06,12510.0
4780,25,3,non_cadre,24094.0,0.06,3526.0
4781,58,9,cadre,84673.0,0.1,81663.0
4782,47,6,non_cadre,27577.0,0.06,9832.0
4783,36,14,non_cadre,25777.0,0.06,17974.0
4784,54,8,cadre,53320.0,0.1,45873.0
4785,58,14,non_cadre,35192.0,0.06,29359.0
4786,37,13,non_cadre,29797.0,0.06,26589.0
4787,46,15,cadre,52836.0,0.1,70017.0
4788,22,0,non_cadre,30355.0,0.06,0.0
4789,35,13,cadre,83011.0,0.1,91964.0
4790,47,20,non_cadre,22157.0,0.06,24138.0
4791,30,6,cadre,34812.0,0.1,22159.0
4792,64,14,cadre,43208.0,0.1,57168.0
4793,63,1,cadre,38076.0,0.1,3226.0
4794,33,6,cadre,33157.0,0.1,23726.0
4795,39,17,cadre,47489.0,0.1,68080.0
4796,30,8,non_cadre,23029.0,0.06,10413.0
4797,43,18,cadre,69852.0,0.1,144674.0
4798,27,5,non_cadre,42238.0,0.06,13445.0
4799,38,16,cadre,60172.0,0.1,89336.0
4800,45,23,non_cadre,33797.0,0.06,55415.0
4801,48,21,cadre,64876.0,0.1,136299.0
4802,47,14,non_cadre,31898.0,0.06,21522.0
4803,31,9,non_cadre,32393.0,0.06,14037.0
4804,56,8,non_cadre,30154.0,0.06,17027.0
4805,51,26,cadre,37905.0,0.1,89927.0
4806,54,5,non_cadre,27901.0,0.06,9415.0
4807,42,20,non_cadre,26397.0,0.06,25893.0
4808,60,26,cadre,56373.0,0.1,125869.0
4809,38,4,non_cadre,39425.0,0.06,10812.0
4810,56,21,non_cadre,35790.0,0.06,54008.0
4811,30,8,non_cadre,28338.0,0.06,11164.0
4812,32,10,non_cadre,32189.0,0.06,16746.0
4813,44,10,non_cadre,32432.0,0.06,21194.0
4814,45,23,cadre,55763.0,0.1,129768.0
4815,54,15,non_cadre,35720.0,0.06,30939.0
4816,34,3,cadre,57052.0,0.1,15024.0
4817,59,7,cadre,41897.0,0.1,34553.0
4818,36,14,cadre,45882.0,0.1,55814.0
4819,44,13,non_cadre,39557.0,0.06,27957.0
4820,62,6,non_cadre,34180.0,0.06,11440.0
4821,45,23,non_cadre,25414.0,0.06,30001.0
4822,51,3,non_cadre,32851.0,0.06,5999.0
4823,61,6,non_cadre,35470.0,0.06,11959.0
4824,63,13,non_cadre,19728.0,0.06,16052.0
4825,43,1,non_cadre,24946.0,0.06,1418.0
4826,39,11,cadre,54940.0,0.1,51162.0
4827,30,8,non_cadre,20416.0,0.06,11260.0
4828,45,23,non_cadre,21073.0,0.06,29193.0
4829,61,26,non_cadre,28420.0,0.06,41176.0
4830,42,9,non_cadre,33099.0,0.06,14416.0
4831,36,1,non_cadre,33407.0,0.06,2083.0
4832,26,4,cadre,51876.0,0.1,23095.0
4833,38,11,non_cadre,30498.0,0.06,21337.0
4834,32,10,non_cadre,27845.0,0.06,18630.0
4835,63,3,non_cadre,23098.0,0.06,3584.0
4836,44,20,cadre,62900.0,0.1,149536.0
4837,27,5,cadre,44063.0,0.1,19488.0
4838,24,2,non_cadre,34874.0,0.06,3794.0
4839,58,3,non_cadre,31630.0,0.06,5721.0
4840,62,12,non_cadre,33469.0,0.06,19328.0
4841,54,29,non_cadre,38725.0,0.06,65830.0
4842,27,5,cadre,48496.0,0.1,21297.0
4843,26,4,cadre,67031.0,0.1,29483.0
4844,30,4,non_cadre,25942.0,0.06,6868.0
4845,54,21,cadre,41065.0,0.1,90229.0
4846,54,8,non_cadre,27249.0,0.06,12670.0
4847,58,17,non_cadre,35154.0,0.06,33135.0
4848,26,4,non_cadre,24491.0,0.06,6648.0
4849,28,6,non_cadre,28130.0,0.06,10156.0
4850,60,14,cadre,39502.0,0.1,55225.0
4851,61,5,non_cadre,33787.0,0.06,8569.0
4852,53,10,non_cadre,38496.0,0.06,20496.0
4853,26,4,non_cadre,35994.0,0.06,8156.0
4854,24,2,cadre,41683.0,0.1,9000.0
4855,24,2,cadre,62166.0,0.1,14150.0
4856,51,14,cadre,53461.0,0.1,89601.0
4857,58,9,non_cadre,33922.0,0.06,17786.0
4858,49,21,non_cadre,34363.0,0.06,42487.0
4859,33,10,non_cadre,26313.0,0.06,17468.0
4860,54,8,non_cadre,28823.0,0.06,12846.0
4861,24,2,cadre,34986.0,0.1,7111.0
4862,57,22,non_cadre,28052.0,0.06,39651.0
4863,60,25,cadre,58543.0,0.1,130917.0
4864,52,18,non_cadre,23434.0,0.06,23077.0
4865,59,19,cadre,57920.0,0.1,103718.0
4866,47,23,non_cadre,35958.0,0.06,51164.0
4867,42,8,cadre,56047.0,0.1,40720.0
4868,35,7,non_cadre,52152.0,0.06,19347.0
4869,61,14,cadre,63802.0,0.1,76800.0
4870,51,18,non_cadre,32792.0,0.06,39797.0
4871,30,8,cadre,74318.0,0.1,68633.0
4872,63,4,non_cadre,37127.0,0.06,10353.0
4873,24,2,non_cadre,34199.0,0.06,4632.0
4874,47,10,cadre,38258.0,0.1,32707.0
4875,30,8,cadre,80994.0,0.1,54370.0
4876,50,21,non_cadre,41837.0,0.06,52697.0
4877,39,17,non_cadre,38777.0,0.06,39892.0
4878,40,18,non_cadre,25299.0,0.06,29867.0
4879,50,15,cadre,46693.0,0.1,62276.0
4880,54,5,non_cadre,22015.0,0.06,7743.0
4881,38,11,cadre,55277.0,0.1,56182.0
4882,64,25,cadre,59119.0,0.1,152397.0
4883,43,11,non_cadre,39289.0,0.06,29708.0
4884,28,1,non_cadre,29351.0,0.06,1778.0
4885,22,0,cadre,42899.0,0.1,0.0
4886,30,8,non_cadre,50839.0,0.06,26833.0
4887,51,18,non_cadre,30797.0,0.06,37119.0
4888,45,23,non_cadre,24561.0,0.06,38111.0
4889,36,14,cadre,48735.0,0.1,65294.0
4890,42,15,non_cadre,45077.0,0.06,38355.0
4891,58,16,non_cadre,28810.0,0.06,31015.0
4892,46,24,non_cadre,29410.0,0.06,43701.0
4893,24,1,cadre,50324.0,0.1,5249.0
4894,24,2,non_cadre,24023.0,0.06,2781.0
4895,42,14,non_cadre,26129.0,0.06,19329.0
4896,39,17,non_cadre,42845.0,0.06,42949.0
4897,58,24,non_cadre,29217.0,0.06,49976.0
4898,47,19,non_cadre,25373.0,0.06,26506.0
4899,54,19,non_cadre,27407.0,0.06,28395.0
4900,47,20,non_cadre,37180.0,0.06,38027.0
4901,36,14,cadre,54074.0,0.1,75134.0
4902,50,6,cadre,41506.0,0.1,22797.0
4903,48,8,non_cadre,49089.0,0.06,25326.0
4904,52,22,non_cadre,45034.0,0.06,50769.0
4905,30,8,non_cadre,33644.0,0.06,14517.0
4906,49,7,non_cadre,39036.0,0.06,13522.0
4907,34,12,non_cadre,38961.0,0.06,22907.0
4908,55,29,non_cadre,29254.0,0.06,57298.0
4909,56,18,non_cadre,36095.0,0.06,45311.0
4910,48,6,non_cadre,42902.0,0.06,17075.0
4911,62,28,cadre,40292.0,0.1,129296.0
4912,45,7,non_cadre,33667.0,0.06,11802.0
4913,23,1,non_cadre,32249.0,0.06,2243.0
4914,48,25,non_cadre,30625.0,0.06,45313.0
4915,55,15,non_cadre,30088.0,0.06,29989.0
4916,26,4,non_cadre,31423.0,0.06,7891.0
4917,26,2,non_cadre,31954.0,0.06,3604.0
4918,33,10,non_cadre,37522.0,0.06,20395.0
4919,58,20,cadre,49392.0,0.1,83695.0
4920,44,21,non_cadre,28952.0,0.06,35205.0
4921,63,6,cadre,74061.0,0.1,44332.0
4922,59,4,non_cadre,27295.0,0.06,7817.0
4923,45,21,non_cadre,31609.0,0.06,32456.0
4924,51,4,cadre,64140.0,0.1,26581.0
4925,36,1,cadre,83243.0,0.1,8408.0
4926,25,3,non_cadre,32695.0,0.06,4762.0
4927,39,17,non_cadre,37709.0,0.06,35844.0
4928,47,7,cadre,71522.0,0.1,48522.0
4929,29,6,non_cadre,25406.0,0.06,9125.0
4930,31,7,non_cadre,37653.0,0.06,14128.0
4931,22,0,cadre,63327.0,0.1,0.0
4932,53,0,non_cadre,28809.0,0.06,0.0
4933,60,0,non_cadre,34499.0,0.06,0.0
4934,57,11,cadre,66864.0,0.1,82608.0
4935,38,0,non_cadre,23337.0,0.06,0.0
4936,47,9,non_cadre,39572.0,0.06,22619.0
4937,63,17,non_cadre,27636.0,0.06,32966.0
4938,47,0,non_cadre,42149.0,0.06,0.0
4939,34,12,non_cadre,22977.0,0.06,14086.0
4940,36,14,non_cadre,31966.0,0.06,21719.0
4941,53,17,non_cadre,28907.0,0.06,25622.0
4942,41,18,cadre,54048.0,0.1,109504.0
4943,58,24,non_cadre,34221.0,0.06,55467.0
4944,59,2,non_cadre,20418.0,0.06,2490.0
4945,23,1,non_cadre,28300.0,0.06,1585.0
4946,53,9,cadre,72864.0,0.1,73625.0
4947,37,15,non_cadre,26983.0,0.06,21322.0
4948,44,22,cadre,39504.0,0.1,74389.0
4949,33,11,non_cadre,35208.0,0.06,19419.0
4950,37,15,non_cadre,28540.0,0.06,29296.0
4951,36,12,cadre,59786.0,0.1,77909.0
4952,24,2,non_cadre,38714.0,0.06,4877.0
4953,55,1,non_cadre,23754.0,0.06,1555.0
4954,28,6,non_cadre,27365.0,0.06,8447.0
4955,38,15,non_cadre,35676.0,0.06,30629.0
4956,30,6,non_cadre,23449.0,0.06,9502.0
4957,28,6,non_cadre,42788.0,0.06,17972.0
4958,38,16,cadre,57771.0,0.1,92918.0
4959,61,9,non_cadre,35734.0,0.06,16379.0
4960,62,27,non_cadre,35719.0,0.06,68941.0
4961,38,3,non_cadre,29100.0,0.06,5018.0
4962,43,21,non_cadre,27259.0,0.06,31860.0
4963,64,23,cadre,57192.0,0.1,111547.0
4964,32,6,non_cadre,34596.0,0.06,10027.0
4965,62,19,cadre,78603.0,0.1,155539.0
4966,26,4,cadre,79114.0,0.1,33069.0
4967,31,9,non_cadre,40368.0,0.06,19481.0
4968,36,4,non_cadre,25900.0,0.06,5376.0
4969,23,1,cadre,50942.0,0.1,5151.0
4970,57,9,non_cadre,28811.0,0.06,15156.0
4971,58,5,non_cadre,29068.0,0.06,8036.0
4972,38,9,cadre,56420.0,0.1,45055.0
4973,57,18,non_cadre,29493.0,0.06,36430.0
4974,55,18,non_cadre,27934.0,0.06,36007.0
4975,56,16,non_cadre,28425.0,0.06,25712.0
4976,56,5,cadre,81505.0,0.1,43982.0
4977,46,6,non_cadre,26237.0,0.06,10826.0
4978,26,4,non_cadre,27148.0,0.06,5283.0
4979,61,7,cadre,40265.0,0.1,32786.0
4980,48,3,cadre,76596.0,0.1,22971.0
4981,60,13,non_cadre,27999.0,0.06,22335.0
4982,63,0,cadre,54777.0,0.1,0.0
4983,30,8,non_cadre,21840.0,0.06,9405.0
4984,39,17,non_cadre,39501.0,0.06,44840.0
4985,30,8,non_cadre,38870.0,0.06,20392.0
4986,24,2,non_cadre,46921.0,0.06,4720.0
4987,63,14,non_cadre,36727.0,0.06,31626.0
4988,61,10,non_cadre,32742.0,0.06,23237.0
4989,62,19,non_cadre,38839.0,0.06,50850.0
4990,59,17,non_cadre,26471.0,0.06,28360.0
4991,49,9,non_cadre,27719.0,0.06,13164.0
4992,44,6,non_cadre,29617.0,0.06,10011.0
4993,64,27,non_cadre,39448.0,0.06,54968.0
4994,45,5,cadre,46665.0,0.1,26337.0
4995,49,27,non_cadre,24749.0,0.06,44563.0
4996,31,9,non_cadre,31453.0,0.06,19773.0
4997,54,29,non_cadre,34629.0,0.06,49732.0
4998,57,10,cadre,65678.0,0.1,77887.0
4999,51,16,non_cadre,34305.0,0.06,39077.0
5000,43,18,non_cadre,39444.0,0.06,45571.0
